stock,date,ratio
AAATECH,2022-09-14 00:00:00,1.5
AASTHA,2026-09-28 00:00:00,2.0
ABINFRA,2025-10-17 00:00:00,10.0
ACL,2023-03-03 00:00:00,0.05
ACUTAAS,2025-04-25 00:00:00,2.0
ADVANIHOTR,2024-03-20 00:00:00,2.0
AHCL,2026-04-24 00:00:00,2.0
AHLEAST,2022-10-06 00:00:00,1.5
AJANTPHARM,2022-06-22 00:00:00,1.5
AJOONI,2022-10-07 00:00:00,5.0
AKSHAR,2023-07-31 00:00:00,10.0
AKSHAR,2024-02-15 00:00:00,1.2
ALLCARGO,2024-01-02 00:00:00,4.0
ANANDRATHI,2025-03-05 00:00:00,2.0
ANANDRATHI,2026-06-03 00:00:00,2.0
ANDHRSUGAR,2021-12-30 00:00:00,5.0
AQYLON,2024-01-24 00:00:00,0.01
AQYLON,2026-03-05 00:00:00,10.0
ARIHANTCAP,2022-04-12 00:00:00,5.0
ARTEMISMED,2021-09-23 00:00:00,10.0
ATALREAL,2022-09-01 00:00:00,3.0
ATALREAL,2023-11-16 00:00:00,5.0
AURIGROW,2022-01-20 00:00:00,2.0
AURIGROW,2022-03-24 00:00:00,10.0
AVROIND,2022-01-27 00:00:00,3.1
AVROIND,2026-05-05 00:00:00,10.0
BBL,2024-04-24 00:00:00,2.0
BCG,2021-08-18 00:00:00,1.25
BCG,2022-03-15 00:00:00,1.6666666666666667
BESTAGRO,2026-01-16 00:00:00,1.5
BHARATGEAR,2022-09-27 00:00:00,1.5
BIGBLOC,2021-11-15 00:00:00,5.0
BIGBLOC,2024-09-12 00:00:00,2.0
BRIGADE,2026-06-17 00:00:00,1.3333333333333333
BSHSL,2022-09-23 00:00:00,10.0
CCAVENUE,2022-03-14 00:00:00,2.0
CGCL,2024-03-05 00:00:00,2.0
CONCOR,2025-07-04 00:00:00,1.25
CORDELIA,2026-08-25 00:00:00,10.0
CUB,2026-06-12 00:00:00,1.3333333333333333
DBEIL,2026-06-19 00:00:00,10.0
DEEPINDS,2023-04-10 00:00:00,2.0
DELPHIFX,2026-02-13 00:00:00,3.0
DEVIT,2021-10-21 00:00:00,2.0
DEVIT,2022-11-25 00:00:00,2.0
DEVIT,2025-08-21 00:00:00,2.5
DRCSYSTEMS,2022-03-16 00:00:00,10.0
DRCSYSTEMS,2024-02-27 00:00:00,3.0
DTIL,2021-08-05 00:00:00,1.5
DUCON,2022-04-18 00:00:00,1.1
ESSENTIA,2022-02-03 00:00:00,3.0
ESSENTIA,2024-01-11 00:00:00,2.0
FCL,2025-10-31 00:00:00,2.0
FILATEX,2022-12-27 00:00:00,2.0
GANGAFORGE,2021-09-13 00:00:00,10.0
GICL,2022-10-12 00:00:00,2.0
GICL,2025-10-15 00:00:00,2.0
GLOBE,2021-08-03 00:00:00,3.0
GOLD1,2021-07-22 00:00:00,10.0
GOLDADD,2026-08-28 00:00:00,10.0
GOLDIAM,2026-07-10 00:00:00,1.3333333333333333
GOODLUCK,2026-08-21 00:00:00,3.0
GPIL,2021-10-26 00:00:00,2.0
GPIL,2024-10-04 00:00:00,5.0
GRPLTD,2024-08-12 00:00:00,4.0
HARDWYN,2022-07-25 00:00:00,1.5
HARDWYN,2023-06-05 00:00:00,10.0
HARDWYN,2024-12-27 00:00:00,1.4
HARDWYN,2026-07-28 00:00:00,1.4
HDFCSENSEX,2024-02-02 00:00:00,10.0
HECPROJECT,2021-10-07 00:00:00,5.0
HEGAM,2024-10-18 00:00:00,5.0
HGS,2022-02-22 00:00:00,2.0
HIRECT,2026-03-27 00:00:00,2.0
HPAL,2023-11-09 00:00:00,5.0
IEX,2021-12-03 00:00:00,3.0
INDIAGLYCO,2025-08-12 00:00:00,2.0
INDOTHAI,2025-07-18 00:00:00,10.0
INNOVANA,2023-03-29 00:00:00,2.0
INVENTURE,2021-06-24 00:00:00,10.0
IRB,2026-03-30 00:00:00,2.0
IRISDOREME,2023-08-11 00:00:00,5.0
IRISDOREME,2025-07-04 00:00:00,2.0
JLHL,2026-07-24 00:00:00,5.0
JSLL,2023-11-02 00:00:00,1.8
JSLL,2025-06-12 00:00:00,5.0
KAMOPAINTS,2023-08-01 00:00:00,2.0
KAMOPAINTS,2024-06-14 00:00:00,5.0
KANPRPLA,2021-09-15 00:00:00,1.5
KIRLPNU,2026-08-18 00:00:00,2.0
KKCL,2021-12-16 00:00:00,5.0
KOTYARK,2026-06-24 00:00:00,11.0
KRISHANA,2023-10-25 00:00:00,2.0
KRISHANA,2026-07-03 00:00:00,5.0
KRITIKA,2022-08-30 00:00:00,5.0
KRITIKA,2023-12-19 00:00:00,3.0
KSHITIJPOL,2021-08-13 00:00:00,1.1666666666666667
KSHITIJPOL,2022-10-27 00:00:00,5.0
KSOLVES,2021-06-04 00:00:00,4.0
KSOLVES,2021-09-06 00:00:00,2.0
KSOLVES,2025-02-06 00:00:00,2.0
LANDSMILL,2022-09-28 00:00:00,1.5
LATTEYS,2022-10-12 00:00:00,2.5
LATTEYS,2023-02-10 00:00:00,5.0
LEMERITE,2026-05-29 00:00:00,5.0
LICI,2026-05-29 00:00:00,2.0
LINC,2024-12-20 00:00:00,2.0
MAANALU,2021-08-02 00:00:00,2.0
MAANALU,2023-07-27 00:00:00,2.0
MANINFRA,2021-11-17 00:00:00,1.5
MBAPL,2022-10-18 00:00:00,2.0
MBAPL,2023-10-20 00:00:00,2.0
MBAPL,2026-07-03 00:00:00,5.0
MEDICO,2023-03-16 00:00:00,5.0
MGEL,2022-08-18 00:00:00,5.0
MGEL,2025-03-04 00:00:00,2.0
MHRIL,2021-09-08 00:00:00,1.5
MKPL,2023-02-03 00:00:00,3.0
MKPL,2023-11-10 00:00:00,10.0
MKPL,2024-03-15 00:00:00,3.0
MOKSH,2021-07-14 00:00:00,5.0
MOTILALOFS,2024-06-10 00:00:00,4.0
MWL,2026-07-10 00:00:00,10.0
NARMADA,2026-07-31 00:00:00,2.0
NINSYS,2023-08-03 00:00:00,1.8
NPST,2024-02-02 00:00:00,3.0
NRL,2022-02-22 00:00:00,1.1
NRL,2022-12-23 00:00:00,2.0
NRL,2024-03-20 00:00:00,1.5
OSIAHYPER,2022-06-20 00:00:00,1.6
OSIAHYPER,2023-03-13 00:00:00,10.0
PARAS,2025-07-04 00:00:00,2.0
PASHUPATI,2026-04-17 00:00:00,10.0
PAVNAIND,2022-09-05 00:00:00,2.0
PAVNAIND,2025-09-01 00:00:00,10.0
PCJEWELLER,2024-12-16 00:00:00,10.0
PFC,2023-09-21 00:00:00,1.25
PGEL,2024-07-10 00:00:00,10.0
PGIL,2024-01-05 00:00:00,2.0
PGIL,2026-09-11 00:00:00,2.0
POCL,2024-10-16 00:00:00,2.0
POCL,2026-07-21 00:00:00,2.5
PTL,2021-12-23 00:00:00,2.0
QUAL30IETF,2024-05-10 00:00:00,10.0
RATNAMANI,2022-06-30 00:00:00,1.5
RECLTD,2022-08-17 00:00:00,1.3333333333333333
RMDRIP,2025-09-26 00:00:00,10.0
RMDRIP,2026-04-10 00:00:00,1.7142857142857142
SAGCEM,2021-08-17 00:00:00,5.0
SALASAR,2021-07-13 00:00:00,2.0
SALASAR,2022-06-27 00:00:00,10.0
SALASAR,2024-02-01 00:00:00,5.0
SBC,2022-02-22 00:00:00,10.0
SBC,2024-01-19 00:00:00,1.5
SBC,2025-03-10 00:00:00,1.5
SBGLP,2024-04-18 00:00:00,10.0
SERVOTECH,2023-02-03 00:00:00,5.0
SERVOTECH,2023-07-28 00:00:00,2.0
SHARDAMOTR,2021-04-16 00:00:00,5.0
SHARDAMOTR,2025-07-04 00:00:00,2.0
SHEKHAWATI,2024-08-28 00:00:00,0.1
SHRADHA,2023-01-20 00:00:00,2.0
SHRADHA,2024-12-10 00:00:00,2.5
SIGMA,2022-10-07 00:00:00,2.5
SIGMA,2025-10-06 00:00:00,10.0
SIKKO,2022-10-28 00:00:00,1.5
SIKKO,2025-11-27 00:00:00,10.0
SIKKO,2025-12-08 00:00:00,2.0
SILVERADD,2026-08-28 00:00:00,10.0
SILVERTUC,2026-03-06 00:00:00,2.0
SUMEETINDS,2024-10-18 00:00:00,0.05
SUMEETINDS,2025-10-03 00:00:00,5.0
SVLL,2022-10-11 00:00:00,1.5
TAALTECH,2026-09-22 00:00:00,5.0
TCC,2026-09-04 00:00:00,5.0
TDPOWERSYS,2022-10-31 00:00:00,5.0
TDPOWERSYS,2026-08-24 00:00:00,2.0
TEMBO,2026-08-05 00:00:00,10.0
TRENT,2026-06-04 00:00:00,1.5
UEL,2023-11-03 00:00:00,0.0015
UEL,2024-09-20 00:00:00,1.25
UEL,2025-05-30 00:00:00,1.68
UEL,2025-10-10 00:00:00,3.0
V2RETAIL,2026-03-25 00:00:00,10.0
VCL,2023-02-15 00:00:00,2.0
VEEDOL,2021-07-26 00:00:00,2.0
VINNY,2022-05-26 00:00:00,1.1
VINNY,2023-02-24 00:00:00,2.3
VISHNU,2023-01-13 00:00:00,5.0
VISHWARAJ,2021-10-21 00:00:00,5.0
ZFCVINDIA,2026-06-24 00:00:00,6.0
ZIMLAB,2022-12-22 00:00:00,3.0
