stock,min,max,size
ACLGATI,2021-04-13,2025-11-11,1137
AJRINFRA,2021-04-13,2023-10-03,503
ALCHEM,2021-04-19,2021-08-30,20
ALPSINDUS,2021-04-13,2026-01-01,1057
ANSALHSG,2021-04-13,2022-10-12,373
ARCOTECH,2021-04-19,2021-08-30,20
ARSSINFRA,2021-04-13,2025-09-03,898
ATNINTER,2021-06-07,2022-05-02,9
AURIGROW,2021-04-13,2026-07-07,1291
AUTOLITIND,2021-04-19,2021-10-04,25
AVAILFC,2026-04-20,2026-06-03,31
AXISBPSETF,2021-05-18,2026-04-28,1228
BALLARPUR,2021-04-13,2023-06-22,461
BCP,2021-04-13,2023-04-28,507
BHAGYAPROP,2021-04-13,2022-12-09,413
BILENERGY,2021-04-19,2021-08-02,16
BIRLATYRE,2021-04-13,2023-10-23,471
BKMINDST,2021-04-13,2024-11-25,773
BRFL,2021-04-13,2022-12-12,301
BSELINFRA,2021-04-13,2021-07-12,62
CANDC,2021-04-13,2022-10-27,365
CASTEXTECH,2021-04-13,2021-07-20,39
CHROMATIC,2021-04-19,2021-08-30,20
CIGNITITEC,2021-04-13,2026-05-14,1261
COX&KINGS,2021-04-13,2022-02-10,208
DEEPENR,2021-04-13,2024-09-24,857
DFMFOODS,2021-04-13,2023-03-27,487
DHANI,2021-04-13,2025-10-27,1127
DHARSUGAR,2021-04-13,2023-06-30,550
DIL,2022-03-31,2026-08-31,988
DQE,2021-04-19,2021-09-06,21
EASUNREYRL,2021-04-13,2022-10-06,335
EMCO,2021-04-13,2021-10-26,134
EQUITAS,2021-04-13,2023-02-02,451
EROSMEDIA,2021-04-13,2025-06-30,938
EUROCERA,2021-04-13,2021-04-13,1
EUROMULTI,2021-04-19,2021-08-30,20
FCONSUMER,2021-04-13,2026-08-31,887
FRETAIL,2021-04-13,2024-08-01,602
FSC,2021-04-13,2025-10-27,939
GALLISPAT,2021-04-13,2022-06-03,284
GANGOTRI,2021-04-19,2025-09-08,220
GBGLOBAL,2021-04-13,2021-05-31,27
GDL,2021-04-13,2022-01-04,182
GOENKA,2021-04-13,2025-12-15,948
GSCLCEMENT,2021-04-13,2023-04-20,501
GSPL,2021-04-13,2026-05-11,1258
GTNTEX,2021-04-13,2022-01-11,182
HDFC,2021-04-13,2023-07-12,558
HERCULES,2021-04-13,2026-01-01,1173
HINDMOTORS,2021-04-13,2025-10-01,1111
HINDNATGLS,2021-04-13,2025-09-02,659
IDFC,2021-04-13,2024-10-09,867
IEL,2022-12-27,2025-10-27,691
INDLMETER,2021-04-13,2023-12-28,615
INDSWFTLTD,2021-04-19,2025-08-13,1014
INOXLEISUR,2021-04-13,2023-02-16,461
ISEC,2021-04-13,2025-03-21,980
ISMTLTD,2021-04-13,2024-08-05,822
IWEL,2021-06-11,2025-06-19,999
JAINSTUDIO,2021-04-13,2022-07-26,297
JBCHEPHARM,2021-04-13,2026-07-16,1304
JBFIND,2021-04-13,2023-10-03,503
JETAIRWAYS,2021-04-13,2024-11-07,888
JIKIND,2021-04-13,2023-02-27,163
JINDCOT,2021-04-19,2022-11-28,83
JIYAECO,2021-04-13,2022-02-28,111
JMCPROJECT,2021-04-13,2023-01-10,435
JMTAUTOLTD,2021-04-13,2022-06-27,191
JPASSOCIAT,2021-04-13,2026-03-17,997
JPINFRATEC,2021-04-13,2023-03-06,396
JSLHISAR,2021-04-13,2023-03-08,474
JSWISPL,2021-04-13,2023-08-09,578
JUBLINDS,2021-04-13,2024-10-25,879
KALYANI,2022-03-02,2026-08-28,5
KSERASERA,2021-04-19,2021-06-14,9
LGBFORGE,2021-04-13,2024-07-29,817
MANGCHEFER,2021-04-13,2025-10-30,1130
MANGTIMBER,2021-04-13,2022-01-04,147
MARSHALL,2021-11-22,2025-12-29,907
MAXVIL,2021-04-13,2023-08-10,579
MCDHOLDING,2021-04-13,2022-09-05,240
MEGH,2021-04-13,2021-05-17,22
MELSTAR,2021-04-13,2024-09-02,687
MERCATOR,2021-04-13,2023-03-10,476
METALFORGE,2021-04-13,2024-05-17,679
MINDTREE,2021-04-13,2022-11-22,400
MOHOTAIND,2021-04-13,2023-05-29,230
MUKANDENGG,2021-04-13,2022-06-06,70
NATNLSTEEL,2021-04-13,2023-05-19,300
NITINFIRE,2021-04-13,2022-02-10,208
OCCL,2021-04-13,2025-07-07,1051
OISL,2021-04-19,2021-08-02,16
OMKARCHEM,2021-04-19,2026-04-28,1044
OPTOCIRCUI,2021-04-13,2022-05-23,171
PAEL,2021-04-13,2022-04-08,186
PATSPINLTD,2021-04-13,2022-01-11,187
PBAINFRA,2021-05-31,2022-08-23,308
PDPL,2021-04-19,2023-08-21,153
PEL,2021-04-13,2025-09-22,1104
PIONDIST,2021-04-13,2023-01-05,432
PODDARHOUS,2021-04-13,2025-06-30,938
PRABHAT,2021-04-13,2021-04-22,6
PRADIP,2021-04-26,2021-10-14,42
PRESSMN,2021-04-13,2023-09-21,586
PUNJLLOYD,2021-04-13,2022-10-06,369
RAMSARUP,2021-04-13,2021-07-19,42
RANEENGINE,2021-04-13,2025-04-21,997
RBL,2021-04-13,2025-04-21,997
RELCAPITAL,2021-04-13,2024-02-26,520
RMCL,2021-04-13,2023-12-21,639
ROHITFERRO,2021-04-13,2022-04-07,185
ROLTA,2021-04-13,2025-12-17,856
SABEVENTS,2021-04-13,2026-08-04,1226
SANCO,2021-04-13,2026-06-04,1068
SANGHIIND,2021-04-13,2026-04-02,1234
SANGHVIFOR,2021-04-13,2021-04-30,12
SATHAISPAT,2021-04-19,2023-03-20,165
SDL26BEES,2022-05-10,2026-04-27,977
SECURCRED,2022-10-17,2025-04-15,547
SHIRPUR-G,2021-04-19,2021-08-30,20
SHRIRAMCIT,2021-04-13,2022-11-28,404
SINTEX,2021-04-13,2023-02-10,277
SMPL,2021-04-13,2021-06-18,45
SORILINFRA,2021-04-13,2022-08-17,335
SPICEJET,2021-04-13,2023-04-28,507
SPTL,2021-04-13,2024-06-13,632
SREINFRA,2021-04-13,2023-08-11,477
SRIPIPES,2021-04-13,2022-01-12,188
SRPL,2021-04-13,2026-08-10,1202
STINDIA,2021-05-03,2021-06-14,4
SUBCAPCITY,2021-04-13,2023-01-04,406
SUULD,2021-04-13,2025-12-29,1057
SYNCOM,2021-04-13,2021-06-28,52
TATACOFFEE,2021-04-13,2024-01-12,684
TATAMETALI,2021-04-13,2024-02-05,699
TATASTLBSL,2021-04-13,2021-11-12,146
TATASTLLP,2021-04-13,2023-11-16,645
TCIDEVELOP,2021-04-13,2022-11-10,390
TCNSBRANDS,2021-04-13,2024-09-02,841
TECHIN,2021-04-13,2025-06-09,920
TECHNOFAB,2021-04-19,2021-08-02,16
THIRUSUGAR,2021-04-13,2021-05-31,31
TINPLATE,2021-04-13,2024-01-18,688
TV18BRDCST,2021-04-13,2024-10-15,871
UDAICEMENT,2021-12-23,2025-08-22,790
UJJIVAN,2021-04-13,2024-05-02,757
UMANGDAIRY,2021-04-13,2025-06-26,1044
UNIPLY,2021-04-19,2021-05-03,3
UNITY,2021-04-13,2021-05-07,17
UTTAMSTL,2021-04-13,2022-10-17,376
VIDEOIND,2021-04-13,2021-06-15,43
VIKASPROP,2021-04-13,2023-04-24,482
VIKASWSP,2021-04-13,2023-04-28,507
VISESHINFO,2021-04-19,2024-12-02,639
WIMPLAST,2026-04-20,2026-06-08,34
WINPRO,2021-04-13,2023-04-28,507
WINSOME,2023-09-26,2026-07-30,686
ZICOM,2021-04-19,2021-08-02,16
ZODJRDMKJ,2021-04-13,2021-09-20,109
