stock,date,note
MOTHERSON,2022-01-14,Motherson Sumi Wiring India demerger
PEL,2022-08-30,Piramal Pharma demerger
KAMDHENU,2022-09-06,Kamdhenu Ventures demerger
BEML,2022-09-08,BEML Land Assets demerger
NMDC,2022-10-27,NMDC Steel demerger
SCI,2023-03-31,Shipping Corporation land and assets demerger
ALLCARGO,2023-04-18,TransIndia Real Estate demerger
EDELWEISS,2023-06-02,Nuvama Wealth demerger
RELIANCE,2023-07-20,Jio Financial Services demerger
TVSHLTD,2023-08-24,Sundaram-Clayton manufacturing business demerger
SANOFI,2024-06-13,Sanofi Consumer Healthcare demerger
RAYMOND,2024-07-11,Raymond Lifestyle demerger
ITC,2025-01-06,ITC Hotels demerger
SIEMENS,2025-04-07,Siemens Energy India demerger
STLTECH,2025-04-24,STL Networks demerger
CHEMBOND,2025-05-09,Chembond demerger
ABFRL,2025-05-22,Aditya Birla Lifestyle Brands demerger
TMPV,2025-10-14,Tata Motors commercial vehicles demerger
HINDUNILVR,2025-12-05,Kwality Wall's demerger
