stock,source
ABGSEC,NSE ETF list
ABSL10BANK,NSE ETF list
ABSLBANETF,NSE ETF list
ABSLLIQUID,NSE ETF list
ABSLMSCIN,NSE ETF list
ABSLNN50ET,NSE ETF list
ABSLPSE,NSE ETF list
ALPHA,NSE ETF list
ALPHAETF,NSE ETF list
ALPL30IETF,NSE ETF list
AONEGOLD,NSE ETF list
AONELIQUID,NSE ETF list
AONENIFTY,NSE ETF list
AONESILVER,NSE ETF list
AONETMMQ50,NSE ETF list
AONETOTAL,NSE ETF list
AUTOBEES,NSE ETF list
AUTOIETF,NSE ETF list
AXISBNKETF,renamed/matured ETF
AXISBPSETF,renamed/matured ETF
AXISCETF,renamed/matured ETF
AXISGOLD,renamed/matured ETF
AXISHCETF,renamed/matured ETF
AXISILVER,renamed/matured ETF
AXISNIFTY,renamed/matured ETF
AXISTECETF,renamed/matured ETF
BANK10ADD,NSE ETF list
BANK10BETF,NSE ETF list
BANKADD,NSE ETF list
BANKBEES,NSE ETF list
BANKBETA,NSE ETF list
BANKBETF,NSE ETF list
BANKETF,NSE ETF list
BANKIETF,NSE ETF list
BANKNIFTY1,NSE ETF list
BANKPSU,NSE ETF list
BBETF0432,NSE ETF list
BBNPNBETF,NSE ETF list
BBNPPGOLD,NSE ETF list
BFSI,NSE ETF list
BNKETFAXIS,NSE ETF list
BSE500IETF,NSE ETF list
BSLGOLDETF,NSE ETF list
BSLNIFTY,NSE ETF list
BSLSENETFG,NSE ETF list
CASHIETF,NSE ETF list
CEMNTGROWW,NSE ETF list
CHEMICAL,NSE ETF list
CHOICEGOLD,NSE ETF list
COMMOIETF,NSE ETF list
CONS,NSE ETF list
CONSUMAXIS,NSE ETF list
CONSUMBEES,NSE ETF list
CONSUMER,NSE ETF list
CONSUMIETF,NSE ETF list
CPSEETF,NSE ETF list
DEFENCE,NSE ETF list
DIVIDEND,NSE ETF list
DIVOPPBEES,NSE ETF list
EBANK10,NSE ETF list
EBANKNIFTY,NSE ETF list
EBBETF0430,NSE ETF list
EBBETF0431,NSE ETF list
EBBETF0433,NSE ETF list
ECAPINSURE,NSE ETF list
EGOLD,NSE ETF list
ELIQUID,NSE ETF list
ELM250,NSE ETF list
ELMDIV,NSE ETF list
EMETAL,NSE ETF list
EMULTIMQ,NSE ETF list
ENERGY,NSE ETF list
ENERGYAXIS,NSE ETF list
ENEXT50,NSE ETF list
ENIFTY,NSE ETF list
EQUAL200,NSE ETF list
EQUAL50,NSE ETF list
EQUAL50ADD,NSE ETF list
ESENSEX,NSE ETF list
ESG,NSE ETF list
ESILVER,NSE ETF list
EVIETF,NSE ETF list
EVINDIA,NSE ETF list
FINIETF,NSE ETF list
FLEXIADD,NSE ETF list
FMCGADD,NSE ETF list
FMCGIETF,NSE ETF list
GILT10BETA,NSE ETF list
GILT5BETA,NSE ETF list
GILT5YBEES,NSE ETF list
GOLD1,NSE ETF list
GOLD360,NSE ETF list
GOLDADD,NSE ETF list
GOLDAXIS,NSE ETF list
GOLDBEES,NSE ETF list
GOLDBETA,NSE ETF list
GOLDBND,NSE ETF list
GOLDCASE,NSE ETF list
GOLDETF,NSE ETF list
GOLDIETF,NSE ETF list
GROWWCAPM,NSE ETF list
GROWWCHEM,NSE ETF list
GROWWDEFNC,NSE ETF list
GROWWEV,NSE ETF list
GROWWGOLD,NSE ETF list
GROWWHOSPI,NSE ETF list
GROWWLIQID,NSE ETF list
GROWWLOVOL,NSE ETF list
GROWWMC150,NSE ETF list
GROWWMETAL,NSE ETF list
GROWWMOM50,NSE ETF list
GROWWN200,NSE ETF list
GROWWNET,NSE ETF list
GROWWNIFTY,NSE ETF list
GROWWNXT50,NSE ETF list
GROWWPOWER,NSE ETF list
GROWWPSE,NSE ETF list
GROWWPSUBK,NSE ETF list
GROWWRAIL,NSE ETF list
GROWWRLTY,NSE ETF list
GROWWSC250,NSE ETF list
GROWWSLVR,NSE ETF list
GSEC10ABSL,NSE ETF list
GSEC10ADD,NSE ETF list
GSEC10IETF,NSE ETF list
GSEC10YEAR,NSE ETF list
GSEC5IETF,NSE ETF list
HDFCBSE500,NSE ETF list
HDFCGOLD,NSE ETF list
HDFCGROWTH,NSE ETF list
HDFCLIQUID,NSE ETF list
HDFCLOWVOL,NSE ETF list
HDFCMID150,NSE ETF list
HDFCMOMENT,NSE ETF list
HDFCNEXT50,NSE ETF list
HDFCNIF100,NSE ETF list
HDFCNIFBAN,NSE ETF list
HDFCNIFIT,NSE ETF list
HDFCNIFTY,NSE ETF list
HDFCNIMEG,NSE ETF list
HDFCPSUBK,NSE ETF list
HDFCPVTBAN,NSE ETF list
HDFCQUAL,NSE ETF list
HDFCSENSEX,NSE ETF list
HDFCSILVER,NSE ETF list
HDFCSML250,NSE ETF list
HDFCVALUE,NSE ETF list
HEALTHADD,NSE ETF list
HEALTHAXIS,NSE ETF list
HEALTHCARE,NSE ETF list
HEALTHIETF,NSE ETF list
HEALTHY,NSE ETF list
HNGSNGBEES,NSE ETF list
HSBCGOLD,NSE ETF list
HYBRIDETF,NSE ETF list
ICICIB22,NSE ETF list
IDFNIFTYET,NSE ETF list
INFRA,NSE ETF list
INFRABEES,NSE ETF list
INFRAIETF,NSE ETF list
INSUREIETF,NSE ETF list
INTERNET,NSE ETF list
IT,NSE ETF list
ITADD,NSE ETF list
ITAXIS,NSE ETF list
ITBEES,NSE ETF list
ITBETA,NSE ETF list
ITETF,NSE ETF list
ITIETF,NSE ETF list
IVZBANKNF,NSE ETF list
IVZINGOLD,NSE ETF list
IVZINNIFTY,NSE ETF list
IVZSENSEX,NSE ETF list
JUNIORBEES,NSE ETF list
LARGEMID50,NSE ETF list
LICMFGOLD,NSE ETF list
LICNETFGSC,NSE ETF list
LICNETFN50,NSE ETF list
LICNETFSEN,NSE ETF list
LICNFNHGP,NSE ETF list
LICNMID100,NSE ETF list
LIQGRWBEES,NSE ETF list
LIQUID,NSE ETF list
LIQUID1,NSE ETF list
LIQUIDADD,NSE ETF list
LIQUIDBEES,NSE ETF list
LIQUIDBETA,NSE ETF list
LIQUIDBETF,NSE ETF list
LIQUIDCASE,NSE ETF list
LIQUIDETF,NSE ETF list
LIQUIDIETF,NSE ETF list
LIQUIDPLUS,NSE ETF list
LIQUIDSBI,NSE ETF list
LIQUIDSHRI,NSE ETF list
LOWVOL,NSE ETF list
LOWVOL1,NSE ETF list
LOWVOLIETF,NSE ETF list
LTGILTBEES,NSE ETF list
LTGILTCASE,NSE ETF list
MAFANG,NSE ETF list
MAHKTECH,NSE ETF list
MAKEINDIA,NSE ETF list
MANUFGBEES,NSE ETF list
MASPTOP50,NSE ETF list
METAL,NSE ETF list
METALIETF,NSE ETF list
MID150,NSE ETF list
MID150BEES,NSE ETF list
MID150CASE,NSE ETF list
MIDBANKADD,NSE ETF list
MIDCAP,NSE ETF list
MIDCAPADD,NSE ETF list
MIDCAPBETA,NSE ETF list
MIDCAPETF,NSE ETF list
MIDCAPIETF,NSE ETF list
MIDQ50ADD,NSE ETF list
MIDSELIETF,NSE ETF list
MIDSMALL,NSE ETF list
MNC,NSE ETF list
MOALPHA50,NSE ETF list
MOBANK10,NSE ETF list
MOCAPITAL,NSE ETF list
MODEFENCE,NSE ETF list
MOENERGY,NSE ETF list
MOGOLD,NSE ETF list
MOGSEC,NSE ETF list
MOHEALTH,NSE ETF list
MOINFRA,NSE ETF list
MOIPO,NSE ETF list
MOLOWVOL,NSE ETF list
MOM100,NSE ETF list
MOM30IETF,NSE ETF list
MOM50,NSE ETF list
MOMENTUM,NSE ETF list
MOMENTUM30,NSE ETF list
MOMENTUM50,NSE ETF list
MOMETAL,NSE ETF list
MOMGF,NSE ETF list
MOMIDMTM,NSE ETF list
MOMMIDCAP,NSE ETF list
MOMNC,NSE ETF list
MOMOMENTUM,NSE ETF list
MON100,NSE ETF list
MON50EQUAL,NSE ETF list
MONEXT50,NSE ETF list
MONIFTY100,NSE ETF list
MONIFTY500,NSE ETF list
MONQ50,NSE ETF list
MOOILGAS,NSE ETF list
MOPSE,NSE ETF list
MOQUALITY,NSE ETF list
MOREALTY,NSE ETF list
MOSERVICE,NSE ETF list
MOSILVER,NSE ETF list
MOSMALL250,NSE ETF list
MOTOUR,NSE ETF list
MOVALUE,NSE ETF list
MSCI360,NSE ETF list
MSCIADD,NSE ETF list
MSCIINDIA,NSE ETF list
MULTICAP,NSE ETF list
NETF,NSE ETF list
NEXT30ADD,NSE ETF list
NEXT50,NSE ETF list
NEXT50ADD,NSE ETF list
NEXT50BETA,NSE ETF list
NEXT50ETF,NSE ETF list
NEXT50IETF,NSE ETF list
NIF100BEES,NSE ETF list
NIF100IETF,NSE ETF list
NIF500BETA,NSE ETF list
NIFTY1,NSE ETF list
NIFTY100EW,NSE ETF list
NIFTYADD,NSE ETF list
NIFTYAXIS,NSE ETF list
NIFTYBEES,NSE ETF list
NIFTYBETA,NSE ETF list
NIFTYBETF,NSE ETF list
NIFTYCASE,NSE ETF list
NIFTYETF,NSE ETF list
NIFTYIETF,NSE ETF list
NIFTYJBLK,NSE ETF list
NIFTYQLITY,NSE ETF list
NPBET,NSE ETF list
NV20,NSE ETF list
NV20BEES,NSE ETF list
NV20IETF,NSE ETF list
OILIETF,NSE ETF list
PHARMABEES,NSE ETF list
PSUBANK,NSE ETF list
PSUBANKADD,NSE ETF list
PSUBNKBEES,NSE ETF list
PSUBNKIETF,NSE ETF list
PVTBANIETF,NSE ETF list
PVTBANK,NSE ETF list
PVTBANKADD,NSE ETF list
PVTBKGROWW,NSE ETF list
QGOLDHALF,NSE ETF list
QNIFTY,NSE ETF list
QUAL30IETF,NSE ETF list
QUALITY30,NSE ETF list
SBIBPB,NSE ETF list
SBIETFCON,NSE ETF list
SBIETFIT,NSE ETF list
SBIETFPB,NSE ETF list
SBIETFQLTY,NSE ETF list
SBILIQETF,NSE ETF list
SBIMIDMOM,NSE ETF list
SBINEQWETF,NSE ETF list
SBINMID150,NSE ETF list
SBISILVER,NSE ETF list
SBISMLETF,NSE ETF list
SBIVALETF,NSE ETF list
SDL26BEES,renamed/matured ETF
SECLEDBETA,NSE ETF list
SELECTIPO,NSE ETF list
SENSEXADD,NSE ETF list
SENSEXAXIS,NSE ETF list
SENSEXBETA,NSE ETF list
SENSEXETF,NSE ETF list
SENSEXIETF,NSE ETF list
SETF10GILT,NSE ETF list
SETFGOLD,NSE ETF list
SETFNIF50,NSE ETF list
SETFNIFBK,NSE ETF list
SETFNN50,NSE ETF list
SHARIABEES,NSE ETF list
SILVER,NSE ETF list
SILVER001,NSE ETF list
SILVER1,NSE ETF list
SILVER360,NSE ETF list
SILVERADD,NSE ETF list
SILVERAG,NSE ETF list
SILVERAXIS,NSE ETF list
SILVERBEES,NSE ETF list
SILVERBETA,NSE ETF list
SILVERBND,NSE ETF list
SILVERCASE,NSE ETF list
SILVERIETF,NSE ETF list
SMALL250,NSE ETF list
SMALLADD,NSE ETF list
SMALLCAP,NSE ETF list
SMALLGROWW,NSE ETF list
SMALLIETF,NSE ETF list
SML100CASE,NSE ETF list
SNXT30BEES,NSE ETF list
SNXT50BETA,NSE ETF list
TATAGOLD,NSE ETF list
TATSILV,NSE ETF list
TECH,NSE ETF list
TNIDETF,NSE ETF list
TOP100CASE,NSE ETF list
TOP10ADD,NSE ETF list
TOP15IETF,NSE ETF list
TOP20,NSE ETF list
TWCGOLDETF,NSE ETF list
UNIONGOLD,NSE ETF list
VAL30IETF,NSE ETF list
VALUE,NSE ETF list
VALUEAXIS,NSE ETF list
