stock,series
20MICRONS,EQ
21STCENMGM,EQ
360ONE,EQ
3BBLACKBIO,EQ
3IINFOLTD,BE
3MINDIA,EQ
3PLAND,EQ
5PAISA,EQ
63MOONS,EQ
A2ZINFRA,EQ
AAATECH,EQ
AADHARHFC,EQ
AAKASH,EQ
AAREYDRUGS,EQ
AARNAV,BE
AARON,EQ
AARTECH,BE
AARTIDRUGS,EQ
AARTIIND,EQ
AARTIPHARM,EQ
AARTISURF,BE
AARVI,EQ
AASTHA,EQ
AAVAS,EQ
ABAN,BE
ABANSENT,EQ
ABB,EQ
ABBOTINDIA,EQ
ABCAPITAL,EQ
ABCOTS,EQ
ABDL,EQ
ABFRL,EQ
ABINFRA,BE
ABLBL,EQ
ABMINTLLTD,BE
ABMKNO,EQ
ABREL,EQ
ABSLAMC,EQ
ACC,EQ
ACCELYA,EQ
ACCURACY,EQ
ACE,EQ
ACEINTEG,EQ
ACEVECTOR,EQ
ACGL,EQ
ACI,EQ
ACL,EQ
ACMESOLAR,EQ
ACSTECH,BE
ACUTAAS,EQ
ADANIENSOL,EQ
ADANIENT,EQ
ADANIGREEN,EQ
ADANIPORTS,EQ
ADANIPOWER,EQ
ADDIND,EQ
ADFFOODS,EQ
ADL,EQ
ADOR,EQ
ADROITIND,BE
ADROITINFO,BE
ADSL,EQ
ADVAIT,EQ
ADVANCE,EQ
ADVANIHOTR,EQ
ADVENTHTL,EQ
ADVENZYMES,EQ
ADVIKCA,EQ
AEGISLOG,EQ
AEGISVOPAK,EQ
AEPL,EQ
AEQUS,EQ
AEROENTER,EQ
AEROFLEX,EQ
AERONEU,EQ
AEROPLANE,EQ
AETHER,EQ
AFCONS,EQ
AFFLE,EQ
AFFORDABLE,EQ
AFIL,EQ
AFSL,EQ
AGARIND,EQ
AGARWALEYE,EQ
AGASTYAEN,BE
AGI,EQ
AGIIL,EQ
AGL,EQ
AGRITECH,EQ
AGROPHOS,EQ
AGSTRA,BZ
AHCL,EQ
AHLADA,EQ
AHLEAST,EQ
AHLUCONT,EQ
AHLWEST,BE
AIAENG,EQ
AIIL,EQ
AIRAN,EQ
AIROLAM,EQ
AJANTPHARM,EQ
AJAXENGG,EQ
AJMERA,EQ
AJOONI,EQ
AKASH,EQ
AKCAPIT,EQ
AKG,EQ
AKI,BE
AKSHAR,EQ
AKSHARCHEM,BE
AKSHOPTFBR,BE
AKUMS,EQ
ALANKIT,EQ
ALBERTDAVD,EQ
ALEMBICLTD,EQ
ALFREDHE,EQ
ALGOQUANT,EQ
ALICON,EQ
ALIVUS,EQ
ALKALI,BE
ALKEM,EQ
ALKYLAMINE,EQ
ALLCARGO,EQ
ALLDIGI,EQ
ALLTIME,EQ
ALMONDZ,BE
ALOKINDS,EQ
ALPA,EQ
ALPHAGEO,BE
ALPINETEX,EQ
ALUFLUOR,EQ
AMAGI,EQ
AMAL,EQ
AMANTA,BE
AMARJOTHI,EQ
AMBALALSA,BE
AMBER,EQ
AMBICAAGAR,EQ
AMBIKCO,EQ
AMBUJACEM,EQ
AMDIND,BE
AMJLAND,EQ
AMNPLST,EQ
AMRUTANJAN,EQ
ANANDRATHI,EQ
ANANTRAJ,EQ
ANDHRAPAP,EQ
ANDHRSUGAR,EQ
ANDREWYU,EQ
ANGELONE,EQ
ANIKINDS,EQ
ANKITMETAL,BZ
ANMOL,BE
ANNAPURNA,EQ
ANNU,EQ
ANSALAPI,BZ
ANSALBU,EQ
ANTELOPUS,EQ
ANTGRAPHIC,EQ
ANTHEM,EQ
ANUHPHR,EQ
ANUP,EQ
ANURAS,EQ
AONESTEELS,EQ
APARINDS,EQ
APCL,EQ
APCOTEXIND,EQ
APEX,EQ
APLAPOLLO,EQ
APLLTD,EQ
APOLLO,EQ
APOLLOHOSP,EQ
APOLLOPIPE,EQ
APOLLOTYRE,EQ
APOLSINHOT,EQ
APOORVA,BE
APTECHT,EQ
APTUS,EQ
AQYLON,EQ
ARCHIDPLY,EQ
ARCHIES,EQ
ARCIL,EQ
ARCL,EQ
ARDEE,EQ
ARE&M,EQ
ARENTERP,EQ
ARFIN,EQ
ARIES,BE
ARIHANT,EQ
ARIHANTCAP,EQ
ARIHANTSUP,EQ
ARIS,EQ
ARKADE,EQ
ARMANFIN,EQ
ARMEE,EQ
AROGRANITE,EQ
ARROWGREEN,EQ
ARSHIYA,BZ
ARSSBL,EQ
ARTEMISMED,EQ
ARTNIRMAN,EQ
ARVEE,EQ
ARVIND,EQ
ARVINDFASN,EQ
ARVSMART,EQ
ARYAMAN,EQ
ASAHIINDIA,EQ
ASAHISONG,BE
ASAL,EQ
ASALCBR,EQ
ASHAPURMIN,EQ
ASHIANA,EQ
ASHIKAG,BE
ASHIMASYN,EQ
ASHOKA,EQ
ASHOKAMET,EQ
ASHOKLEY,EQ
ASIANENE,EQ
ASIANHOTNR,EQ
ASIANPAINT,EQ
ASIANTILES,EQ
ASIANTNE,EQ
ASKAUTOLTD,EQ
ASMS,EQ
ASPINWALL,EQ
ASSAMENT,EQ
ASTAR,EQ
ASTEC,EQ
ASTERDM,EQ
ASTRAL,EQ
ASTRAMICRO,EQ
ASTRAZEN,EQ
ASTRON,BZ
ATALREAL,EQ
ATAM,EQ
ATGL,EQ
ATHERENERG,EQ
ATL,EQ
ATLANTAA,EQ
ATLANTAELE,EQ
ATLASCYCLE,EQ
ATUL,EQ
ATULAUTO,EQ
AUBANK,EQ
AUGMONT,EQ
AURIGROW,BE
AURIONPRO,EQ
AUROPHARMA,EQ
AURUM,EQ
AURUS,EQ
AUSOMENT,EQ
AUSTENG,EQ
AUTOAXLES,EQ
AUTOIND,EQ
AVADHSUGAR,EQ
AVALON,EQ
AVANCE,EQ
AVANTEL,EQ
AVANTIFEED,EQ
AVG,EQ
AVL,EQ
AVONMORE,EQ
AVROIND,EQ
AVTNPL,EQ
AWFIS,EQ
AWHCL,EQ
AWL,EQ
AXISBANK,EQ
AXISCADES,EQ
AXITA,EQ
AXTEL,EQ
AYE,EQ
AYMSYNTEX,EQ
AZAD,EQ
AZADIND,EQ
BAFNAPH,BE
BAGFILMS,EQ
BAIDFIN,EQ
BAJAJ-AUTO,EQ
BAJAJCON,EQ
BAJAJELEC,EQ
BAJAJFINSV,EQ
BAJAJHCARE,EQ
BAJAJHFL,EQ
BAJAJHIND,EQ
BAJAJHLDNG,EQ
BAJAJINDEF,EQ
BAJAJST,EQ
BAJEL,EQ
BAJFINANCE,EQ
BALAJEE,EQ
BALAJITELE,EQ
BALAMINES,EQ
BALAXI,EQ
BALKRISHNA,EQ
BALKRISIND,EQ
BALMLAWRIE,EQ
BALPHARMA,EQ
BALRAMCHIN,EQ
BALUFORGE,EQ
BANARBEADS,EQ
BANARISUG,EQ
BANCOINDIA,EQ
BANDHANBNK,EQ
BANG,EQ
BANKA,EQ
BANKBARODA,EQ
BANKINDIA,EQ
BANSALWIRE,EQ
BANSWRAS,EQ
BASF,EQ
BASML,EQ
BATAINDIA,EQ
BATLIBOI,EQ
BAYERCROP,EQ
BBL,EQ
BBOX,EQ
BBTC,EQ
BBTCL,EQ
BCG,EQ
BCLIND,EQ
BCONCEPTS,EQ
BCPL,EQ
BDL,EQ
BEARDSELL,EQ
BECTORFOOD,EQ
BEDMUTHA,EQ
BEEKAY,EQ
BEL,EQ
BELLACASA,EQ
BELRISE,EQ
BEML,EQ
BENARAS,EQ
BENGALASM,EQ
BEPL,EQ
BERGEPAINT,EQ
BESTAGRO,EQ
BETA,EQ
BFINVEST,EQ
BFUTILITIE,EQ
BGLOBAL,BZ
BGRENERGY,BE
BHAGCHEM,EQ
BHAGERIA,EQ
BHAGYANGR,EQ
BHANDARI,EQ
BHARATCOAL,EQ
BHARATFORG,EQ
BHARATGEAR,BE
BHARATRAS,EQ
BHARATSE,EQ
BHARATWIRE,EQ
BHARTIARTL,EQ
BHARTIHEXA,EQ
BHEL,EQ
BI,BE
BIGBLOC,EQ
BIKAJI,EQ
BIL,EQ
BILVYAPAR,BE
BIMETAL,EQ
BIOCON,EQ
BIOFILCHEM,EQ
BIRLACABLE,EQ
BIRLACORPN,EQ
BIRLAMONEY,EQ
BIRLANU,EQ
BIRLAPREC,BE
BLACKBUCK,EQ
BLACKROSE,EQ
BLAL,EQ
BLBLIMITED,EQ
BLEL,EQ
BLIL,EQ
BLISSGVS,BE
BLKASHYAP,EQ
BLS,EQ
BLSE,EQ
BLUECHIP,BE
BLUECLOUDS,EQ
BLUECOAST,EQ
BLUEDART,EQ
BLUEJET,EQ
BLUESTARCO,EQ
BLUESTONE,EQ
BLUSPRING,EQ
BMWVENTLTD,EQ
BNAGROCHEM,EQ
BNALTD,BE
BODALCHEM,BE
BOHRAIND,EQ
BOMDYEING,EQ
BONLON,EQ
BORANA,EQ
BOROLTD,EQ
BORORENEW,EQ
BOROSCI,EQ
BOSCH-HCIL,EQ
BOSCHLTD,EQ
BPCL,EQ
BPL,EQ
BPLPHARMA,EQ
BRAHMINFRA,EQ
BRIGADE,EQ
BRIGHOTEL,EQ
BRIGHTBR,EQ
BRITANNIA,EQ
BRNL,EQ
BROOKS,EQ
BSE,EQ
BSHSL,EQ
BSL,EQ
BSOFT,EQ
BTML,EQ
BTTL,BE
BUILDPRO,EQ
BURNPUR,BE
BUTTERFLY,EQ
BVCL,EQ
BYKE,EQ
CALSOFT,BE
CAMLINFINE,EQ
CAMPUS,EQ
CAMS,EQ
CANBK,EQ
CANFINHOME,EQ
CANHLIFE,EQ
CANTABIL,EQ
CAPACITE,EQ
CAPILLARY,EQ
CAPITALSFB,EQ
CAPLIPOINT,EQ
CAPTRUST,BE
CARBORUNIV,EQ
CARERATING,EQ
CARRARO,EQ
CARTRADE,EQ
CARYSIL,EQ
CASTROLIND,EQ
CCAVENUE,EQ
CCCL,EQ
CCHHL,EQ
CCL,EQ
CDSL,EQ
CEATLTD,EQ
CEIGALL,EQ
CEINSYS,EQ
CELEBRITY,EQ
CELLO,EQ
CEMPRO,EQ
CENTENKA,EQ
CENTEXT,EQ
CENTEXT-RE,BE
CENTRALBK,EQ
CENTRUM,EQ
CENTUM,EQ
CENTURYPLY,EQ
CERA,EQ
CEREBRAINT,BZ
CESC,EQ
CEWATER,EQ
CFEL,BE
CGCL,EQ
CGPOWER,EQ
CGVAK,EQ
CHALET,EQ
CHAMBLFERT,EQ
CHEMBOND,EQ
CHEMBONDCH,BE
CHEMCON,EQ
CHEMCRUX,EQ
CHEMFAB,EQ
CHEMPLASTS,EQ
CHENNPETRO,EQ
CHEVIOT,EQ
CHOICEIN,EQ
CHOLAFIN,EQ
CHOLAHLDNG,EQ
CIEINDIA,EQ
CIFL,EQ
CINELINE,EQ
CINEVISTA,EQ
CIPLA,EQ
CLCIND,BE
CLEAN,EQ
CLEANMAX,EQ
CLEDUCATE,EQ
CLSEL,EQ
CMICABLES,BZ
CMLL,EQ
CMPDI,EQ
CMRGREEN,EQ
CMSINFO,EQ
CNL,EQ
COALINDIA,EQ
COASTCORP,EQ
COCHINSHIP,EQ
COCKERILL,EQ
COFFEEDAY,EQ
COFORGE,EQ
COHANCE,EQ
COLPAL,EQ
COMFINTE,EQ
COMPEAU,EQ
COMPINFO,BZ
COMPUSOFT,EQ
COMSYN,EQ
CONCOR,EQ
CONCORDBIO,EQ
CONFIPET,EQ
CONSOFINVT,BE
CONTROLPR,EQ
CORALFINAC,EQ
CORDELIA,EQ
CORDSCABLE,BE
COROMANDEL,EQ
CORONA,EQ
COSMOFIRST,EQ
COUNCODOS,BE
CPCAP,EQ
CPEDU,EQ
CPL,EQ
CPPLUS,EQ
CRAFTSMAN,EQ
CRAMC,EQ
CRAVATEX,EQ
CREATIVEYE,EQ
CREDITACC,EQ
CREST,EQ
CRESTO,BE
CRISIL,EQ
CRIZAC,EQ
CROMPTON,EQ
CROWN,EQ
CRSL,BZ
CSBBANK,EQ
CSLFINANCE,EQ
CSM,EQ
CTE,BE
CUB,EQ
CUBEXTUB,BE
CUMMINSIND,EQ
CUPID,EQ
CURAA,BE
CYBERMEDIA,BE
CYBERTECH,EQ
CYIENT,EQ
CYIENTDLM,EQ
DABUR,EQ
DAICHI,BE
DALBHARAT,EQ
DALMIASUG,EQ
DAMCAPITAL,EQ
DAMODARIND,BE
DANGEE,EQ
DATAMATICS,EQ
DATAPATTNS,EQ
DAVANGERE,EQ
DBCORP,EQ
DBEIL,EQ
DBL,EQ
DBOL,EQ
DBREALTY,EQ
DBSTOCKBRO,BE
DCAL,EQ
DCBBANK,EQ
DCI,EQ
DCM,EQ
DCMFINSERV,EQ
DCMNVL,EQ
DCMSHRIRAM,EQ
DCMSIL,EQ
DCMSRIND,EQ
DCW,EQ
DCXINDIA,EQ
DDEVPLSTIK,EQ
DECCANCE,EQ
DECNGOLD,EQ
DEEDEV,EQ
DEEP,BE
DEEPA,EQ
DEEPAKFERT,EQ
DEEPAKNTR,EQ
DEEPINDS,EQ
DELHIVERY,EQ
DELPHIFX,BE
DELTACORP,EQ
DELTAMAGNT,EQ
DEN,EQ
DENORA,EQ
DENTA,EQ
DEVIT,EQ
DEVX,EQ
DEVYANI,EQ
DGCONTENT,EQ
DHABRIYA,BE
DHAMPURSUG,EQ
DHANBANK,EQ
DHANUKA,EQ
DHARAN,BZ
DHARMAJ,EQ
DHATRE,EQ
DHOOTTRANS,EQ
DHRUV,EQ
DHUNINV,EQ
DIACABS,BE
DIAMINESQ,EQ
DIAMONDYD,EQ
DICIND,EQ
DIFFNKG,EQ
DIGIDRIVE,EQ
DIGISPICE,EQ
DIGITIDE,EQ
DIGJAMLMTD,BE
DISAQ,EQ
DISHTV,EQ
DIVGIITTS,EQ
DIVISLAB,EQ
DIXON,EQ
DJML,EQ
DLF,EQ
DLINKINDIA,EQ
DMART,EQ
DMCC,EQ
DNAMEDIA,EQ
DODLA,EQ
DOLATALGO,EQ
DOLLAR,EQ
DOLLEX,EQ
DOLPHIN,EQ
DOMS,EQ
DONEAR,EQ
DPABHUSHAN,EQ
DPSCLTD,BE
DPWIRES,EQ
DRAGARWQ,EQ
DRCSYSTEMS,EQ
DREAMFOLKS,EQ
DREDGECORP,EQ
DRREDDY,EQ
DSFCL,BE
DSKULKARNI,BE
DSSL,EQ
DTIL,BE
DUCON,EQ
DVL,EQ
DWARKESH,EQ
DYCL,EQ
DYNAMATECH,EQ
DYNPRO,EQ
E2E,BE
EASEMYTRIP,EQ
EASTSILK,BE
EASTWEST,EQ
EBGNG,EQ
EBIX,BE
ECLERX,EQ
ECORECO,EQ
ECOSMOBLTY,EQ
EDELWEISS,EQ
EDUCOMP,BZ
EFCIL,EQ
EICHERMOT,EQ
EIDPARRY,EQ
EIEL,EQ
EIFFL,BE
EIHAHOTELS,EQ
EIHOTEL,EQ
EIMCOELECO,EQ
EKC,EQ
EKI,BE
ELANTAS,EQ
ELCIDIN,EQ
ELDEHSG,EQ
ELECON,EQ
ELECTCAST,EQ
ELECTHERM,EQ
ELEVATE,EQ
ELGIEQUIP,EQ
ELGIRUBCO,EQ
ELIN,EQ
ELITECON,EQ
ELLEN,EQ
ELPROINTL,EQ
EMAMILTD,EQ
EMAMIPAP,BE
EMAMIREAL,EQ
EMBDL,EQ
EMCURE,EQ
EMIL,EQ
EMKAY,EQ
EMMBI,EQ
EMMVEE,EQ
EMPIND,EQ
EMPOWER,EQ
EMSLIMITED,EQ
EMUDHRA,EQ
ENDURANCE,EQ
ENERGYDEV,EQ
ENGINERSIN,EQ
ENIL,EQ
ENKEIWHEL,EQ
ENRIN,EQ
ENTERO,EQ
EPACK,EQ
EPACKPEB,EQ
EPIGRAL,EQ
EPL,EQ
EQUIPPP,BE
EQUITASBNK,EQ
ERIS,EQ
ESABINDIA,EQ
ESAFSFB,BE
ESCORTS,EQ
ESDS,EQ
ESSARSHPNG,EQ
ESSENTIA,EQ
ESTER,EQ
ETERNAL,EQ
ETHOSLTD,EQ
EUREKAFORB,EQ
EUROBOND,EQ
EUROPRATIK,EQ
EUROTEXIND,EQ
EVEREADY,EQ
EVERESTIND,EQ
EXCELINDUS,EQ
EXCELSOFT,EQ
EXICOM,EQ
EXIDEIND,EQ
EXPLEOSOL,EQ
EXXARO,EQ
FABTECH,EQ
FACT,EQ
FAIRCHEMOR,EQ
FAZE3Q,EQ
FCL,EQ
FCSSOFT,EQ
FDC,EQ
FEDDERSHOL,EQ
FEDERALBNK,EQ
FEDFINA,EQ
FEL,BZ
FELDVR,BZ
FERMENTA,EQ
FIBERWEB,EQ
FIEMIND,EQ
FILATEX,EQ
FILATFASH,EQ
FINCABLES,EQ
FINEORG,EQ
FINKURVE,EQ
FINOPB,EQ
FINPIPE,EQ
FIRSTCRY,EQ
FISCHER,EQ
FIVESTAR,EQ
FLAIR,EQ
FLEXITUFF,BE
FLFL,BZ
FLUOROCHEM,EQ
FMGOETZE,EQ
FMNL,EQ
FOCUS,EQ
FOODSIN,EQ
FORCEMOT,EQ
FORTIS,EQ
FOSECOIND,EQ
FRACTAL,EQ
FREDUN,EQ
FRONTSP,EQ
FSL,EQ
FUSION,EQ
GABRIEL,EQ
GAEL,EQ
GAIL,EQ
GAJA,EQ
GALAPREC,EQ
GALAXYSURF,EQ
GALLANTT,EQ
GANDHAR,EQ
GANDHITUBE,EQ
GANECOS,EQ
GANESHBE,BE
GANESHCP,EQ
GANESHHOU,EQ
GANGAFORGE,EQ
GANGESSECU,EQ
GARFIBRES,EQ
GARUDA,EQ
GATECH,BE
GATECHDVR,BE
GATEWAY,EQ
GAUDIUMIVF,EQ
GAYAHWS,EQ
GAYAPROJ,EQ
GCSL,EQ
GEECEE,EQ
GEEKAYWIRE,EQ
GEMAROMA,EQ
GENCON,EQ
GENESYS,EQ
GENSOL,BZ
GENUSPAPER,EQ
GENUSPOWER,EQ
GEOJITFSL,EQ
GERMAN,EQ
GESHIP,EQ
GFLLIMITED,EQ
GFSTEELS,BE
GHCL,EQ
GHCLTEXTIL,EQ
GICHSGFIN,EQ
GICL,BE
GICRE,EQ
GILLANDERS,EQ
GILLETTE,EQ
GINNIFILA,BE
GIPCL,EQ
GKB,EQ
GKENERGY,EQ
GKSL,EQ
GKWLIMITED,EQ
GLAND,EQ
GLASSWALL,EQ
GLAXO,EQ
GLENMARK,EQ
GLFL,EQ
GLOBAL,EQ
GLOBALE,EQ
GLOBALVECT,EQ
GLOBE,EQ
GLOBECIVIL,EQ
GLOBUSSPR,EQ
GLOSTERLTD,EQ
GLOTTIS,EQ
GMBREW,EQ
GMDCLTD,EQ
GMMPFAUDLR,EQ
GMRAIRPORT,EQ
GMRP&UI,EQ
GNA,EQ
GNFC,EQ
GNRL,EQ
GOACARBON,EQ
GOCLCORP,EQ
GOCOLORS,EQ
GODAVARIB,EQ
GODFRYPHLP,EQ
GODIGIT,EQ
GODREJAGRO,EQ
GODREJCP,EQ
GODREJIND,EQ
GODREJPROP,EQ
GOKEX,EQ
GOKUL,EQ
GOKULAGRO,EQ
GOLDENTOBC,BZ
GOLDIAM,EQ
GOLDTECH,BE
GOODLUCK,EQ
GOODYEAR,EQ
GOPAL,EQ
GOYALALUM,EQ
GPIL,EQ
GPPL,EQ
GPTHEALTH,EQ
GPTINFRA,EQ
GRADIENTE,BE
GRANDOAK,EQ
GRANULES,EQ
GRAPHITE,EQ
GRASIM,EQ
GRAUWEIL,EQ
GRAVISSHO,BE
GRAVITA,EQ
GREAVESCOT,EQ
GREENLAM,EQ
GREENPANEL,EQ
GREENPLY,EQ
GREENPOWER,EQ
GRINDWELL,EQ
GRINFRA,EQ
GRMOVER,EQ
GROBTEA,EQ
GROWW,EQ
GRPLTD,EQ
GRSE,EQ
GRWRHITECH,EQ
GSFC,EQ
GSLSU,EQ
GSPCROP,EQ
GSPLTRANS,BE
GSS,EQ
GTECJAINX,EQ
GTL,EQ
GTLINFRA,EQ
GTPL,EQ
GUFICBIO,EQ
GUJALKALI,EQ
GUJAPOLLO,EQ
GUJENERGY,EQ
GUJRAFFIA,EQ
GUJTHEM,EQ
GULFOILLUB,EQ
GULFPETRO,BE
GULPOLY,EQ
GVKPIL,BE
GVPIL,EQ
GVPTECH,BE
GVT&D,EQ
GYFTR,EQ
HAL,EQ
HALDER,EQ
HALDYNGL,EQ
HALEOSLABS,EQ
HAMPTON,EQ
HAPPSTMNDS,EQ
HAPPYFORGE,EQ
HARDWYN,EQ
HARIOMPIPE,EQ
HARRMALAYA,EQ
HARSHA,EQ
HATHWAY,EQ
HATSUN,EQ
HAVELLS,EQ
HAVISHA,EQ
HAWKINCOOK,EQ
HAZOOR,EQ
HBESD,EQ
HBLENGINE,EQ
HBPOR,EQ
HBSL,EQ
HCC,EQ
HCG,EQ
HCL-INSYS,EQ
HCLTECH,EQ
HDBFS,EQ
HDFCAMC,EQ
HDFCBANK,EQ
HDFCLIFE,EQ
HDIL,BZ
HEADSUP,EQ
HEALTHX,EQ
HECPROJECT,EQ
HEGAM,EQ
HEIDELBERG,EQ
HEMIPROP,EQ
HERANBA,EQ
HERITGFOOD,EQ
HEROMOTOCO,EQ
HEROMOTORS,EQ
HESTERBIO,EQ
HEXAGON,BE
HEXATRADEX,EQ
HEXT,EQ
HFCL,BE
HGINFRA,EQ
HGM,EQ
HGS,EQ
HIKAL,EQ
HILINFRA,EQ
HILTON,EQ
HIMATSEIDE,EQ
HINDADH,EQ
HINDALCO,EQ
HINDALUMI,EQ
HINDCOMPOS,EQ
HINDCON,BE
HINDCOPPER,EQ
HINDOILEXP,EQ
HINDPETRO,EQ
HINDUNILVR,EQ
HINDWAREAP,EQ
HINDZINC,EQ
HIRECT,EQ
HISARMETAL,EQ
HITECH,EQ
HITECHCORP,BE
HITECHGEAR,BE
HLEGLAS,EQ
HLVLTD,EQ
HMAAGRO,EQ
HMT,BZ
HMVL,BE
HNDFDS,EQ
HOMEFIRST,EQ
HONASA,EQ
HONAUT,EQ
HONDAPOWER,EQ
HORIZONIND,EQ
HPAL,EQ
HPIL,EQ
HPL,EQ
HRYNSHP,EQ
HSCL,EQ
HTEL,EQ
HTMEDIA,EQ
HUBTOWN,EQ
HUDCO,EQ
HUHTAMAKI,EQ
HYBRIDFIN,EQ
HYUNDAI,EQ
IBULLSLTD,EQ
ICDSLTD,BE
ICEMAKE,EQ
ICICIAMC,EQ
ICICIBANK,EQ
ICICIGI,EQ
ICICIPRULI,EQ
ICIL,EQ
ICRA,EQ
IDBI,EQ
IDEA,EQ
IDEAFORGE,EQ
IDFCFIRSTB,EQ
IEX,EQ
IFBAGRO,EQ
IFBIND,EQ
IFCI,EQ
IFGLEXPOR,EQ
IGARASHI,EQ
IGCL,EQ
IGIL,EQ
IGL,EQ
IGPL,EQ
IIFL,EQ
IIFLCAPS,EQ
IITL,EQ
IKIO,EQ
IKS,EQ
IL&FSENGG,BZ
IL&FSTRANS,BZ
IMAGICAA,EQ
IMFA,EQ
IMPAL,EQ
IMPEXFERRO,BZ
INA,EQ
INCREDIBLE,EQ
INDBANK,EQ
INDGN,EQ
INDHOTEL,EQ
INDIACEM,EQ
INDIAGLYCO,EQ
INDIAMART,EQ
INDIANB,EQ
INDIANCARD,EQ
INDIANHUME,EQ
INDIASHLTR,EQ
INDIGO,EQ
INDIGOPNTS,EQ
INDIQUBE,EQ
INDNIPPON,EQ
INDOAMIN,EQ
INDOBORAX,EQ
INDOCO,EQ
INDOFARM,EQ
INDOKEM,EQ
INDOMIM,EQ
INDORAMA,EQ
INDOSTAR,EQ
INDOTECH,EQ
INDOTHAI,EQ
INDOUS,EQ
INDOWIND,EQ
INDPRUD,EQ
INDRAMEDCO,EQ
INDSWFTLAB,EQ
INDTERRAIN,EQ
INDUSINDBK,EQ
INDUSTOWER,EQ
INFOBEAN,EQ
INFOMEDIA,EQ
INFY,EQ
INGERRAND,EQ
INNOVACAP,EQ
INNOVANA,EQ
INNOVISION,EQ
INOXGREEN,EQ
INOXINDIA,EQ
INOXWIND,EQ
INSECTICID,EQ
INSPIRISYS,EQ
INTELLECT,EQ
INTENTECH,EQ
INTERARCH,EQ
INTLCONV,EQ
INVENTURE,EQ
INVPRECQ,BE
IOB,EQ
IOC,EQ
IOLCP,EQ
IONEXCHANG,EQ
IPCALAB,EQ
IPL,EQ
IPRINGLTD,EQ
IRB,EQ
IRCON,EQ
IRCTC,EQ
IREDA,EQ
IRFC,EQ
IRIS,EQ
IRISDOREME,EQ
IRMENERGY,EQ
ISFT,BE
ISGEC,EQ
ISHANCH,EQ
ISTLTD,EQ
ITC,EQ
ITCHOTELS,EQ
ITDC,EQ
ITI,EQ
ITL,EQ
IVALUE,EQ
IVC,EQ
IVP,BE
IWP,EQ
IXIGO,EQ
IZMO,EQ
J&KBANK,EQ
JAGRAN,EQ
JAGSNPHARM,EQ
JAIBALAJI,EQ
JAICORPLTD,EQ
JAINREC,EQ
JAIPURKURT,EQ
JAMNAAUTO,EQ
JARO,EQ
JASH,EQ
JAYAGROGN,EQ
JAYBARMARU,EQ
JAYKAY,EQ
JAYNECOIND,EQ
JAYSREETEA,EQ
JBMA,EQ
JENBURPH,EQ
JETFREIGHT,EQ
JGCHEM,EQ
JHS,EQ
JINDALPHOT,EQ
JINDALPOLY,EQ
JINDALSAW,EQ
JINDALSTEL,EQ
JINDRILL,EQ
JINDWORLD,EQ
JIOFIN,EQ
JISLDVREQS,EQ
JISLJALEQS,EQ
JITFINFRA,EQ
JKCEMENT,EQ
JKIL,EQ
JKIPL,EQ
JKLAKSHMI,EQ
JKPAPER,EQ
JKTYRE,EQ
JLHL,EQ
JMA,EQ
JMFINANCIL,EQ
JNKINDIA,EQ
JNPR,EQ
JOCIL,EQ
JPOLYINVST,EQ
JPPOWER,EQ
JSFB,EQ
JSIPL,BE
JSL,EQ
JSLL,EQ
JSWCEMENT,EQ
JSWDULUX,EQ
JSWENERGY,EQ
JSWHL,EQ
JSWINFRA,EQ
JSWSTEEL,EQ
JTEKTINDIA,EQ
JTLIND,EQ
JUBLCPL,EQ
JUBLFOOD,EQ
JUBLINGREA,EQ
JUBLPHARMA,EQ
JUNIPER,EQ
JUSTDIAL,EQ
JWL,EQ
JYOTHYLAB,EQ
JYOTICNC,EQ
JYOTIRES,EQ
JYOTISTRUC,EQ
KABRAEXTRU,BE
KAJARIACER,EQ
KAKATCEM,EQ
KALAMANDIR,EQ
KALPATARU,EQ
KALYANI,BE
KALYANIFRG,BE
KALYANKJIL,EQ
KAMAHOLD,EQ
KAMANWALA,EQ
KAMATHOTEL,EQ
KAMDHENU,EQ
KAMOPAINTS,EQ
KANANIIND,EQ
KANCHI,EQ
KANCOTEA,EQ
KANOHAR,EQ
KANORICHEM,BE
KANPRPLA,EQ
KANSAINER,EQ
KAPSTON,EQ
KARAMTARA,EQ
KARMAENG,EQ
KARURVYSYA,EQ
KAUSHALYA,BE
KAVDEFENCE,BE
KAYA,BE
KAYNES,EQ
KCP,EQ
KCPSUGIND,BE
KDDL,EQ
KDGREEN,EQ
KEC,EQ
KECL,EQ
KEEPLEARN,EQ
KEI,EQ
KELLTONTEC,EQ
KENNAMET,EQ
KERNEX,EQ
KESORAMIND,EQ
KEYFINSERV,EQ
KFINTECH,EQ
KHADIM,BE
KHAICHEM,EQ
KHAITANLTD,EQ
KHANDSE,EQ
KICL,EQ
KILITCH,EQ
KIMS,EQ
KINGFA,EQ
KIOCL,EQ
KIRANVYPAR,EQ
KIRIINDUS,EQ
KIRLFER,EQ
KIRLOSBROS,EQ
KIRLOSENG,EQ
KIRLOSIND,EQ
KIRLPNU,EQ
KISSHT,EQ
KITEX,EQ
KJMCFIN,EQ
KKCL,EQ
KLBRENG-B,EQ
KMCSHIL,EQ
KMEW,EQ
KMSUGAR,BE
KNACK,EQ
KNAGRI,EQ
KNRCON,EQ
KOHINOOR,EQ
KOKUYOCMLN,EQ
KOLTEPATIL,EQ
KOPRAN,EQ
KOTAKBANK,EQ
KOTARISUG,BE
KOTHARIPET,EQ
KOTHARIPRO,EQ
KOTIC,EQ
KOTYARK,EQ
KOVAI,EQ
KPEL,EQ
KPIGREEN,EQ
KPIL,EQ
KPITTECH,EQ
KPL,EQ
KPRMILL,EQ
KRBL,EQ
KREBSBIO,EQ
KRIDHANINF,EQ
KRISHANA,EQ
KRISHIVAL,EQ
KRISHNADEF,EQ
KRITI,EQ
KRITIKA,EQ
KRITINUT,EQ
KRN,EQ
KRONOX,BE
KROSS,EQ
KRSNAA,EQ
KRYSTAL,EQ
KSB,EQ
KSCL,EQ
KSE,EQ
KSHINTL,EQ
KSHITIJPOL,BE
KSL,EQ
KSOLVES,EQ
KSR,BE
KTKBANK,EQ
KUANTUM,EQ
KUSUMGAR,EQ
KWIL,EQ
LADDERUP,BE
LAGNAM,EQ
LAHOTIOV,EQ
LAKPRE,BZ
LAKSHMIMIL,EQ
LAL,EQ
LALITHAA,EQ
LALPATHLAB,EQ
LAMBODHARA,EQ
LANCER,EQ
LANCORHOL,BE
LANDMARK,EQ
LANDSMILL,EQ
LAOPALA,EQ
LASA,BE
LASERPOWER,EQ
LATENTVIEW,EQ
LATTEYS,EQ
LAURUSLABS,EQ
LAXMICOT,EQ
LAXMIDENTL,EQ
LAXMIINDIA,EQ
LCCINFOTEC,BE
LCCPROJECT,EQ
LCL,EQ
LEAPIND,EQ
LEENEE,BE
LEMERITE,EQ
LEMONTREE,EQ
LENSKART,EQ
LEXUS,EQ
LFIC,EQ
LGBBROSLTD,EQ
LGEINDIA,EQ
LGHL,EQ
LIBAS,EQ
LIBERTSHOE,EQ
LICHSGFIN,EQ
LICI,EQ
LIKHITHA,EQ
LINC,EQ
LINCOLN,EQ
LINDEINDIA,EQ
LKPSEC,EQ
LLOYDSENGG,EQ
LLOYDSENT,EQ
LLOYDSME,EQ
LMW,EQ
LODHA,EQ
LOKESHMACH,EQ
LORDSCHLO,EQ
LOTUSCHO,EQ
LOTUSDEV,BE
LOTUSEYE,EQ
LOVABLE,EQ
LOYALTEX,EQ
LPDC,EQ
LT,EQ
LTF,EQ
LTFOODS,EQ
LTM,EQ
LTTS,EQ
LUMAXIND,EQ
LUMAXTECH,EQ
LUMINO,EQ
LUPIN,EQ
LUXIND,EQ
LXCHEM,EQ
LYKALABS,BE
M&M,EQ
M&MFIN,EQ
MAANALU,EQ
MACPOWER,EQ
MADHAV,EQ
MADHAVIPL,EQ
MADHUCON,EQ
MADRASFERT,EQ
MAFATIND,EQ
MAGADSUGAR,EQ
MAGNUM,EQ
MAHABANK,EQ
MAHAPEXLTD,EQ
MAHASTEEL,BE
MAHEPC,EQ
MAHESHWARI,EQ
MAHLIFE,EQ
MAHLOG,EQ
MAHSCOOTER,EQ
MAHSEAMLES,EQ
MAITHANALL,EQ
MAJESAUT,BE
MAKERSL,EQ
MALLCOM,EQ
MALUPAPER,EQ
MAMATA,EQ
MANAKALUCO,EQ
MANAKCOAT,EQ
MANAKSIA,EQ
MANAKSTEEL,BE
MANALIPETC,EQ
MANAPPURAM,EQ
MANBA,EQ
MANCREDIT,EQ
MANGALAM,EQ
MANGLMCEM,EQ
MANIKA,BE
MANINDS,EQ
MANINFRA,EQ
MANIPALHOS,EQ
MANKIND,EQ
MANOMAY,EQ
MANORAMA,EQ
MANORG,EQ
MANUGRAPH,BE
MANYAVAR,EQ
MAPMYINDIA,EQ
MARALOVER,EQ
MARATHON,EQ
MARICO,EQ
MARINE,EQ
MARKOLINES,EQ
MARKSANS,EQ
MARSONS,EQ
MARUTI,EQ
MASFIN,EQ
MASKINVEST,EQ
MASTEK,EQ
MASTERTR,EQ
MATRIMONY,EQ
MAWANASUG,EQ
MAXESTATES,EQ
MAXHEALTH,EQ
MAXIND,EQ
MAYURUNIQ,EQ
MAZDA,BE
MAZDOCK,EQ
MBAPL,EQ
MBECL,BE
MBEL,EQ
MBLINFRA,EQ
MCCHRLS-B,EQ
MCL,EQ
MCLEODRUSS,EQ
MCLOUD,EQ
MCX,EQ
MEDANTA,EQ
MEDIASSIST,EQ
MEDICAMEQ,BE
MEDICAPQ,BE
MEDICO,EQ
MEDPLUS,EQ
MEESHO,EQ
MEGASTAR,EQ
MEIL,EQ
MENNPIS,BE
MENONBE,EQ
MEP,BZ
MERCANTILE,EQ
MERCURYEV,EQ
METROBRAND,EQ
METROGLOBL,EQ
METROPOLIS,EQ
MFML,EQ
MFSL,EQ
MGEL,EQ
MGL,EQ
MHLXMIRU,BE
MHRIL,EQ
MICEL,BE
MIDHANI,EQ
MIDWESTLTD,EQ
MIIL,EQ
MILKYMIST,BE
MINALIND,BE
MINDACORP,EQ
MINDTECK,EQ
MIRZAINT,EQ
MITCON,EQ
MITTAL,EQ
MKEXIM,EQ
MKPL,EQ
MLKFOOD,EQ
MMFL,EQ
MMP,EQ
MMTC,EQ
MMWL,EQ
MOBIKWIK,EQ
MODINATUR,EQ
MODIRUBBER,EQ
MODIS,EQ
MODISONLTD,BE
MODTHREAD,EQ
MOHITE,EQ
MOHITIND,EQ
MOIL,EQ
MOKSH,EQ
MOL,EQ
MOLBIO,EQ
MOLDTECH,BE
MOLDTKPAC,EQ
MOMSBELIEF,EQ
MONARCH,EQ
MONEYBOXX,BE
MONEYVIEW,EQ
MONTECARLO,EQ
MORARJEE,BZ
MOREPENLAB,EQ
MOSCHIP,EQ
MOTHERSON,EQ
MOTILALOFS,EQ
MOTISONS,EQ
MOTOGENFIN,EQ
MPDL,BE
MPHASIS,EQ
MPIMANIPAL,EQ
MPSLTD,EQ
MRF,EQ
MRPL,EQ
MSL,EQ
MSPL,EQ
MSTCLTD,EQ
MSUMI,EQ
MTARTECH,BE
MTEDUCARE,BE
MTNL,EQ
MUFIN,EQ
MUFTI,EQ
MUKANDLTD,EQ
MUKESHB,EQ
MUKKA,BE
MUKTAARTS,EQ
MUNJALAU,EQ
MUNJALSHOW,EQ
MURUDCERA,EQ
MUTHOOTCAP,EQ
MUTHOOTFIN,EQ
MUTHOOTMF,EQ
MVELECTRO,EQ
MVGJL,EQ
MWL,EQ
MYSORPETRO,BE
NACLIND,EQ
NAGAFERT,BZ
NAGREEKCAP,EQ
NAGREEKEXP,EQ
NAHARCAP,EQ
NAHARINDUS,EQ
NAHARPOLY,EQ
NAHARSPING,EQ
NAM-INDIA,EQ
NARMADA,EQ
NATCAPSUQ,BE
NATCOPHARM,EQ
NATHBIOGEN,EQ
NATIONALUM,EQ
NATIONSTD,EQ
NAUKRI,EQ
NAVA,EQ
NAVINFLUOR,EQ
NAVKARCORP,EQ
NAVKARURB,EQ
NAVNETEDUL,EQ
NAZARA,EQ
NBCC,EQ
NBIFIN,EQ
NCC,EQ
NCLIND,EQ
NDGL,EQ
NDL,EQ
NDLVENTURE,EQ
NDRAUTO,EQ
NDTV,EQ
NEAGI,EQ
NECCLTD,EQ
NECLIFE,EQ
NELCAST,EQ
NELCO,EQ
NEOGEN,EQ
NEPHROPLUS,EQ
NESCO,EQ
NESTLEIND,EQ
NETWEB,EQ
NETWORK18,EQ
NEUEON,BE
NEULANDLAB,EQ
NEWGEN,EQ
NEXTMEDIA,EQ
NFL,EQ
NGIL,EQ
NGLFINE,EQ
NH,EQ
NHPC,EQ
NIACL,EQ
NIBE,EQ
NIBL,EQ
NICCOPAR,EQ
NIITLTD,EQ
NIITMTS,EQ
NILAINFRA,EQ
NILASPACES,EQ
NILE,EQ
NILKAMAL,EQ
NIMBSPROJ,EQ
NINSYS,EQ
NIPPOBATRY,EQ
NIRAJ,EQ
NIRAJISPAT,BE
NIRLON,EQ
NITCO,EQ
NITINSPIN,EQ
NITIRAJ,EQ
NITTAGELA,EQ
NIVABUPA,EQ
NKIND,EQ
NLCINDIA,EQ
NMDC,EQ
NOCIL,EQ
NOIDATOLL,EQ
NORBTEAEXP,EQ
NORTHARC,EQ
NOVAAGRI,EQ
NOVARTIND,EQ
NPST,EQ
NRAIL,EQ
NRBBEARING,EQ
NRL,BE
NSIL,EQ
NSLNISP,EQ
NTCIND,EQ
NTPC,EQ
NTPCGREEN,EQ
NUCLEUS,EQ
NURECA,BE
NUVAMA,EQ
NUVOCO,EQ
NYKAA,EQ
OAL,EQ
OBCL,EQ
OBEROIRLTY,EQ
OCCLLTD,BE
ODIGMA,EQ
ODYCORP,EQ
OFSS,EQ
OIL,EQ
OILCOUNTUB,BE
OLAELEC,EQ
OLECTRA,EQ
OMAXAUTO,EQ
OMAXE,EQ
OMFREIGHT,EQ
OMINFRAL,EQ
OMNI,EQ
OMPOWER,EQ
ONEGLOBAL,EQ
ONELIFECAP,BE
ONEPOINT,EQ
ONESOURCE,EQ
ONGC,EQ
ONIDA,EQ
ONIXSOLAR,EQ
ONMOBILE,BE
ONWARDTEC,EQ
OPTIEMUS,EQ
OPTIFIN,EQ
ORBTEXP,EQ
ORCHASP,EQ
ORCHPHARMA,EQ
ORICONENT,EQ
ORIENTALTL,EQ
ORIENTBELL,EQ
ORIENTCABL,EQ
ORIENTCEM,EQ
ORIENTCER,EQ
ORIENTELEC,EQ
ORIENTHOT,EQ
ORIENTLTD,BE
ORIENTPPR,EQ
ORIENTTECH,EQ
ORIRAIL,EQ
ORISSAMINE,EQ
ORKLAINDIA,EQ
ORTEL,BZ
ORTINGLOBE,EQ
OSIAHYPER,BZ
OSWALAGRO,EQ
OSWALGREEN,EQ
OSWALPUMPS,EQ
OSWALSEEDS,EQ
PACEDIGITK,EQ
PACIFICI,EQ
PAGEIND,EQ
PAISALO,EQ
PAKKA,EQ
PALASHSECU,EQ
PALREDTEC,EQ
PANACEABIO,EQ
PANACHE,BE
PANAMAPET,EQ
PANCHMAHQ,EQ
PANORAMA,EQ
PANSARI,EQ
PAR,BE
PARACABLES,EQ
PARADEEP,EQ
PARAGMILK,EQ
PARAS,EQ
PARASPETRO,EQ
PARIN,EQ
PARKHOSPS,EQ
PARKHOTELS,EQ
PARNAXLAB,EQ
PARSVNATH,BE
PASHUPATI,EQ
PASUPTAC,EQ
PATANJALI,EQ
PATELENG,EQ
PATELRMART,EQ
PATINTLOG,EQ
PAUSHAKLTD,EQ
PAVNAIND,EQ
PAYTM,EQ
PBMPOLY,EQ
PCBL,EQ
PCJEWELLER,EQ
PDMJEPAPER,EQ
PDSL,EQ
PEARLPOLY,EQ
PENIND,EQ
PENINLAND,EQ
PERMAGN,EQ
PERNIASPOP,EQ
PERSISTENT,EQ
PETRONET,EQ
PFC,EQ
PFIZER,EQ
PFOCUS,EQ
PFS,EQ
PGEL,EQ
PGHH,EQ
PGHL,EQ
PGIL,EQ
PHOENIXLTD,EQ
PHOENXINTL,EQ
PICCADIL,EQ
PIDILITIND,EQ
PIGL,EQ
PIIND,EQ
PILANIINVS,EQ
PILITA,EQ
PINELABS,EQ
PIONEEREMB,EQ
PIONRINV,BE
PIRAMALFIN,EQ
PITTIENG,EQ
PIXTRANS,EQ
PKTEA,BE
PLASTIBLEN,EQ
PLATIND,EQ
PLAZACABLE,EQ
PML,EQ
PNB,EQ
PNBGILTS,EQ
PNBHOUSING,EQ
PNC,EQ
PNCINFRA,EQ
PNGJL,EQ
PNGSREVA,EQ
POCL,EQ
PODDARMENT,EQ
POEL,EQ
POKARNA,EQ
POLICYBZR,EQ
POLYCAB,EQ
POLYMED,EQ
POLYPLEX,EQ
POLYSPIN,EQ
PONNIERODE,EQ
POONAWALLA,EQ
POWERGRID,EQ
POWERICA,EQ
POWERINDIA,EQ
POWERMECH,EQ
PPAP,BE
PPL,EQ
PPLPHARMA,EQ
PRABHA,EQ
PRADPME,EQ
PRAENG,EQ
PRAJIND,EQ
PRAKASH,EQ
PRAKASHSTL,EQ
PRANAV,EQ
PRASOLCHEM,EQ
PRAVEG,EQ
PRAXIS,EQ
PRECAM,EQ
PRECOT,EQ
PRECWIRE,EQ
PREMCO,EQ
PREMEXPLN,EQ
PREMIER,BE
PREMIERENE,EQ
PREMIERPOL,EQ
PRESTIGE,EQ
PRICOLLTD,EQ
PRIMESECU,EQ
PRIMO,EQ
PRINCEPIPE,EQ
PRIORITY,EQ
PRISMX,EQ
PRITI,EQ
PRITIKAUTO,EQ
PRIVISCL,EQ
PROSTARM,EQ
PROTEAN,EQ
PROZONER,EQ
PRSMJOHNSN,EQ
PRUDENT,EQ
PRUDMOULI,EQ
PSB,EQ
PSPPROJECT,EQ
PTC,EQ
PTCIL,EQ
PTL,EQ
PUNJABCHEM,EQ
PURVA,EQ
PVP,EQ
PVRINOX,EQ
PVSL,EQ
PWL,EQ
PYRAMID,EQ
QMSMEDI,BE
QPOWER,EQ
QUADFUTURE,EQ
QUESS,EQ
QUICKHEAL,EQ
QUINT,BE
QUINTEGRA,EQ
RACE,EQ
RACLGEAR,EQ
RADAAN,EQ
RADHIKAJWE,BE
RADIANTCMS,EQ
RADICO,EQ
RADIOCITY,EQ
RAILTEL,EQ
RAIN,EQ
RAINBOW,EQ
RAJESHEXPO,BZ
RAJMET,EQ
RAJOOENG,EQ
RAJPALAYAM,EQ
RAJRATAN,EQ
RAJRILTD,BE
RAJSREESUG,EQ
RAJTV,BE
RAJVIR,BZ
RALLIS,EQ
RAMANEWS,EQ
RAMAPHO,EQ
RAMASTEEL,BE
RAMBHAJO,EQ
RAMCOCEM,EQ
RAMCOIND,EQ
RAMCOSYS,EQ
RAMKY,EQ
RAMRAT,EQ
RANASUG,EQ
RANEHOLDIN,EQ
RATEGAIN,EQ
RATNAMANI,EQ
RATNAVEER,EQ
RAYMOND,EQ
RAYMONDLSL,EQ
RAYMONDREL,EQ
RBA,EQ
RBLBANK,EQ
RBZJEWEL,BE
RCF,EQ
RCOM,BE
RECLTD,EQ
REDINGTON,EQ
REDTAPE,EQ
REFEX,EQ
REGAAL,EQ
REGENCERAM,EQ
RELAXO,EQ
RELCHEMQ,EQ
RELIABLE,EQ
RELIANCE,EQ
RELIGARE,EQ
RELINFRA,BE
RELTD,EQ
REMSONSIND,EQ
RENTOMOJO,EQ
RENUKA,EQ
REPCOHOME,EQ
REPL,EQ
REPRO,EQ
RESPONIND,EQ
RETAIL,BE
RGL,EQ
RHETAN,EQ
RHFL,BZ
RHIM,EQ
RHL,EQ
RICOAUTO,EQ
RIIL,EQ
RIR,EQ
RISHABH,EQ
RITCO,EQ
RITES,EQ
RKDL,EQ
RKEC,BE
RKFORGE,EQ
RKSWAMY,EQ
RMC,EQ
RMDRIP,BE
RML,EQ
RNBDENIMS,BE
ROHLTD,EQ
ROLEXRINGS,EQ
ROLLT,BE
ROML,EQ
ROSSARI,EQ
ROSSELLIND,EQ
ROSSTECH,EQ
ROTO,EQ
ROUTE,EQ
RPEL,EQ
RPGLIFE,EQ
RPOWER,EQ
RPPINFRA,EQ
RPPL,BE
RPSGVENT,EQ
RPTECH,EQ
RRECL,EQ
RRIL,EQ
RRKABEL,EQ
RSDFIN,BE
RSL,EQ
RSSOFTWARE,EQ
RSWM,EQ
RSYSTEMS,EQ
RTNINDIA,EQ
RTNPOWER,EQ
RTSPOWR,BE
RUBFILA,EQ
RUBICON,EQ
RUBYMILLS,EQ
RUCHINFRA,EQ
RUCHIRA,EQ
RUDRA,EQ
RUNWALENTR,EQ
RUPA,EQ
RUSHIL,EQ
RUSTOMJEE,EQ
RVHL,EQ
RVNL,EQ
RVTH,EQ
S&SPOWER,EQ
SAATVIKGL,EQ
SAB,EQ
SADBHAV,EQ
SADBHIN,EQ
SADHNANIQ,BE
SAFARI,EQ
SAGARDEEP,EQ
SAGCEM,EQ
SAGILITY,EQ
SAHLIBHFI,EQ
SAHYADRI,EQ
SAICAPI,EQ
SAIL,EQ
SAILIFE,EQ
SAIPARENT,EQ
SAKAR,EQ
SAKHTISUG,EQ
SAKSOFT,EQ
SAKUMA,EQ
SALASAR,EQ
SALONA,EQ
SALSTEEL,EQ
SALZERELEC,EQ
SAMBANDAM,EQ
SAMBHAAV,EQ
SAMBHV,EQ
SAMHI,EQ
SAMMAANCAP,EQ
SAMPANN,EQ
SANATHAN,EQ
SANDESH,EQ
SANDHAR,EQ
SANDUMA,EQ
SANGAMIND,EQ
SANGHVIMOV,EQ
SANOFI,EQ
SANOFICONR,EQ
SANSERA,EQ
SANSTAR,EQ
SANWARIA,BZ
SAPPHIRE,EQ
SAPPL,EQ
SARDAEN,EQ
SAREGAMA,EQ
SARLAPOLY,EQ
SARVESHWAR,EQ
SASKEN,EQ
SATIA,EQ
SATIN,EQ
SAURASHCEM,EQ
SAYAJIHOTL,EQ
SAYAJIIND,EQ
SBC,EQ
SBCL,EQ
SBFC,EQ
SBGLP,EQ
SBICARD,EQ
SBIFUNDS,EQ
SBILIFE,EQ
SBIN,EQ
SCANSTL,BE
SCHAEFFLER,EQ
SCHAND,EQ
SCHNEIDER,EQ
SCI,EQ
SCILAL,EQ
SCODATUBES,EQ
SCPL,BE
SDBL,EQ
SEAMECLTD,EQ
SECMARK,EQ
SECURKLOUD,EQ
SEDEMAC,EQ
SEIL,EQ
SEJALLTD,EQ
SEKURITIND,EQ
SELMC,BE
SEMAC,EQ
SENCO,EQ
SENORES,EQ
SEPC,EQ
SERVOTECH,EQ
SESHAPAPER,EQ
SETCO,BE
SETL,EQ
SETUINFRA,BZ
SEYAIND,BE
SFL,EQ
SGFIN,EQ
SGIL,EQ
SGL,EQ
SGLRES,EQ
SGMART,EQ
SGRL,EQ
SHADOWFAX,EQ
SHAH,EQ
SHAHALLOYS,BE
SHAILY,EQ
SHAKTIPUMP,EQ
SHALBY,EQ
SHALPAINTS,BE
SHANKARA,EQ
SHANKESH,EQ
SHANTI,EQ
SHANTIGEAR,EQ
SHANTIGOLD,EQ
SHARDACROP,EQ
SHARDAMOTR,EQ
SHARDUL,BE
SHAREINDIA,EQ
SHBAJRG,EQ
SHEKHAWATI,BE
SHEMAROO,EQ
SHERVANI,EQ
SHILCTECH,EQ
SHILGRAVQ,EQ
SHILPAMED,EQ
SHINDL,EQ
SHIPROCKET,EQ
SHIVAAGRO,EQ
SHIVACEM,EQ
SHIVALIK,EQ
SHIVAMAUTO,EQ
SHIVAMILLS,EQ
SHIVATEX,EQ
SHIVAUM,EQ
SHK,EQ
SHOPERSTOP,EQ
SHRADDHA,EQ
SHRADHA,EQ
SHREDIGCEM,EQ
SHREECEM,EQ
SHREEJISPG,EQ
SHREEPUSHK,EQ
SHREERAMA,EQ
SHRENIK,BZ
SHREYANIND,EQ
SHRIKRISH,EQ
SHRINGARMS,EQ
SHRIPISTON,EQ
SHRIRAMFIN,EQ
SHRIRAMPPS,EQ
SHRJAGP,EQ
SHUKRAPHAR,EQ
SHYAMCENT,EQ
SHYAMMETL,EQ
SHYAMTEL,EQ
SICAGEN,EQ
SICALLOG,BE
SIEL,EQ
SIEMENS,EQ
SIGACHI,EQ
SIGIND,BE
SIGMA,EQ
SIGMAADV,BE
SIGNATURE,EQ
SIGNPOST,EQ
SIKA,EQ
SIKKO,BE
SIL,EQ
SILGO,EQ
SILINV,EQ
SILVERTUC,EQ
SIMBHALS,BZ
SIMPLEXINF,EQ
SIMPLXREA,EQ
SINCLAIR,EQ
SINDHUTRAD,EQ
SINGERIND,EQ
SINTERCOM,EQ
SIRCA,EQ
SIS,EQ
SITINET,BZ
SIYSIL,EQ
SJS,EQ
SJVN,EQ
SKFINDIA,EQ
SKFINDUS,EQ
SKIL,BZ
SKIPPER,EQ
SKMEGGPROD,EQ
SKYGOLD,EQ
SKYWAYS,EQ
SMARTLINK,BE
SMARTWORKS,EQ
SMCGLOBAL,EQ
SMLMAH,EQ
SMLT,EQ
SMSPHARMA,EQ
SNOWMAN,EQ
SOBHA,EQ
SOFTTECH,EQ
SOLARA,EQ
SOLARINDS,EQ
SOLARWORLD,EQ
SOLEX,EQ
SOMANYCERA,EQ
SOMATEX,EQ
SOMICONVEY,EQ
SONA,BE
SONACOMS,EQ
SONAL,EQ
SONAMLTD,BE
SONATSOFTW,EQ
SOTL,EQ
SOUTHBANK,EQ
SOUTHWEST,EQ
SPAL,EQ
SPANDANA,EQ
SPARC,EQ
SPCENET,EQ
SPECIALITY,BE
SPECTRUM,BE
SPELS,BE
SPENCERS,EQ
SPIC,EQ
SPLIL,EQ
SPLPETRO,EQ
SPMLINFRA,EQ
SPORTKING,EQ
SRD,EQ
SREEL,BE
SRF,EQ
SRGHFL,EQ
SRHHYPOLTD,EQ
SRIKPRIND,BE
SRM,EQ
SRTL,EQ
SSDL,EQ
SSRETAIL,EQ
SSWL,EQ
STALLION,BE
STANLEY,EQ
STAR,EQ
STARCEMENT,EQ
STARHEALTH,EQ
STARPAPER,EQ
STARTECK,EQ
STCINDIA,EQ
STEAMHOUSE,EQ
STEELCAS,EQ
STEELCITY,EQ
STEELXIND,EQ
STEL,EQ
STERTOOLS,EQ
STLNETWORK,EQ
STLSTRINF,EQ
STLTECH,BE
STOVEKRAFT,EQ
STUDDS,EQ
STYL,EQ
STYLAMIND,EQ
STYLEBAAZA,EQ
STYRENIX,EQ
SUBEXLTD,EQ
SUBROS,EQ
SUDARCOLOR,EQ
SUDARSCHEM,EQ
SUDEEPPHRM,EQ
SUKHJITS,EQ
SULA,EQ
SUMEDHA,EQ
SUMEETINDS,EQ
SUMICHEM,EQ
SUMIT,EQ
SUMMITSEC,EQ
SUNCLAY,EQ
SUNDARAM,EQ
SUNDARMFIN,EQ
SUNDRMBRAK,EQ
SUNDRMFAST,EQ
SUNDROP,EQ
SUNFLAG,EQ
SUNLOC,EQ
SUNPHARMA,EQ
SUNRAKSHAK,EQ
SUNSHIEL,EQ
SUNSHINE,EQ
SUNTECK,EQ
SUNTV,EQ
SUPERHOUSE,EQ
SUPERSPIN,BE
SUPRAJIT,EQ
SUPREME,EQ
SUPREMEENG,BZ
SUPREMEIND,EQ
SUPREMEINF,EQ
SUPRIYA,EQ
SUPTANERY,BE
SURAJEST,EQ
SURAJLTD,EQ
SURAKSHA,EQ
SURANASOL,EQ
SURANAT&P,EQ
SURYALA,EQ
SURYALAXMI,EQ
SURYAROSNI,EQ
SURYODAY,EQ
SUTLEJTEX,EQ
SUVEN,EQ
SUVIDHAA,EQ
SUYOG,EQ
SUZLON,EQ
SVGLOBAL,EQ
SVLL,EQ
SVPGLOB,EQ
SWANCORP,EQ
SWANDEF,BE
SWARAJ,BE
SWARAJENG,EQ
SWARNSAR,EQ
SWASTIKAIN,BE
SWELECTES,EQ
SWIGGY,EQ
SWISSMLTRY,BE
SWSOLAR,EQ
SYMBIOTEC,EQ
SYMPHONY,EQ
SYNCOMF,EQ
SYNGENE,EQ
SYRMA,EQ
SYSTMTXC,BE
TAALTECH,EQ
TAINWALCHM,EQ
TAJGVK,EQ
TAKE,EQ
TALBROAUTO,EQ
TAMBOLIIN,BE
TANAA,EQ
TANLA,EQ
TARACHAND,EQ
TARAPUR,EQ
TARC,EQ
TARIL,EQ
TARMAT,EQ
TARSONS,EQ
TASTYBITE,EQ
TATACAP,EQ
TATACHEM,EQ
TATACOMM,EQ
TATACONSUM,EQ
TATAELXSI,EQ
TATAINVEST,EQ
TATAPOWER,EQ
TATASTEEL,EQ
TATATECH,EQ
TATVA,EQ
TBOTEK,EQ
TBZ,BE
TCC,EQ
TCI,EQ
TCIEXP,EQ
TCIFINANCE,EQ
TCPLPACK,EQ
TCS,EQ
TDPOWERSYS,EQ
TEAMGTY,EQ
TEAMLEASE,EQ
TECHM,EQ
TECHNOCRAF,EQ
TECHNOE,EQ
TECHNVISN,EQ
TECILCHEM,EQ
TEGA,EQ
TEJASNET,EQ
TEMBO,EQ
TEMPSENS,EQ
TENNIND,EQ
TERAI,EQ
TERASOFT,EQ
TEXINFRA,EQ
TEXMOPIPES,EQ
TEXRAIL,EQ
TFCILTD,EQ
TFL,EQ
TGBHOTELS,EQ
TGVSL,EQ
THACKER,EQ
THAKDEV,EQ
THANGAMAYL,EQ
THEINVEST,EQ
THEJO,EQ
THELEELA,EQ
THEMISMED,EQ
THERMAX,EQ
THOMASCOOK,EQ
THOMASCOTT,EQ
THYROCARE,EQ
TI,EQ
TICL,BE
TIGERLOGS,EQ
TIIL,EQ
TIINDIA,EQ
TIJARIA,BE
TIL,BE
TIMETECHNO,EQ
TIMEX,EQ
TIMKEN,EQ
TINNARUBR,EQ
TIPSFILMS,EQ
TIPSMUSIC,EQ
TIRUMALCHM,EQ
TIRUPATIFL,BE
TITAGARH,EQ
TITAN,EQ
TMB,EQ
TMCV,EQ
TMPV,EQ
TNPETRO,EQ
TNPL,EQ
TNTELE,BE
TOKYOPLAST,EQ
TOLINS,EQ
TORNTPHARM,EQ
TORNTPOWER,EQ
TOTAL,BE
TOUCHWOOD,EQ
TOYAMSL,EQ
TPHQ,BE
TPLPLASTEH,EQ
TRACXN,EQ
TRANSCOR,EQ
TRANSPEK,BE
TRANSRAILL,EQ
TRANSWORLD,BE
TRAVELFOOD,EQ
TREEHOUSE,EQ
TREJHARA,EQ
TREL,EQ
TRENT,EQ
TRF,EQ
TRIDENT,EQ
TRIGYN,EQ
TRITONV,EQ
TRITURBINE,EQ
TRIVENI,EQ
TRU,EQ
TRUALT,EQ
TSFINV,EQ
TTKHLTCARE,EQ
TTKPRESTIG,EQ
TTL,EQ
TTML,EQ
TURTLEMINT,EQ
TUTIALKA,EQ
TVSELECT,EQ
TVSHLTD,EQ
TVSMOTOR,EQ
TVSSCS,EQ
TVSSRICHAK,EQ
TVTODAY,EQ
TVVISION,BE
UBL,EQ
UCAL,BE
UCOBANK,EQ
UDAYJEW,EQ
UDS,EQ
UEL,EQ
UFBL,BE
UFLEX,EQ
UFO,EQ
UGARSUGAR,BE
UGROCAP,EQ
UJJIVANSFB,EQ
ULTRACEMCO,EQ
ULTRAMAR,EQ
UMAEXPORTS,BE
UMESLTD,EQ
UMIYA-MRO,EQ
UNICHEMLAB,EQ
UNIDT,EQ
UNIECOM,EQ
UNIENTER,EQ
UNIINFO,EQ
UNIMECH,EQ
UNIONBANK,EQ
UNIPARTS,EQ
UNITDSPR,EQ
UNITECH,EQ
UNITEDPOLY,EQ
UNITEDTEA,EQ
UNIVAFOODS,BE
UNIVASTU,BE
UNIVCABLES,EQ
UNIVPHOTO,BE
UNOMINDA,EQ
UPHOT,EQ
UPL,EQ
URAVIDEF,BE
URBANCO,EQ
URJA,EQ
USHAMART,EQ
USK,EQ
UTIAMC,EQ
UTKARSHBNK,EQ
UTLSOLAR,EQ
UTTAMSUGAR,EQ
UYFINCORP,BE
V2RETAIL,EQ
VADILALIND,EQ
VADILENT,EQ
VAIBHAVGBL,EQ
VAISHALI,EQ
VAKRANGEE,EQ
VALIANTLAB,BE
VALIANTORG,EQ
VAML,EQ
VARDHACRLC,EQ
VARDMNPOLY,EQ
VARMORA,EQ
VARROC,EQ
VASCONEQ,EQ
VASUPRADA,EQ
VASWANI,EQ
VBL,EQ
VCL,BE
VEDAVAAG,EQ
VEDL,EQ
VEDPOWER,EQ
VEEDOL,EQ
VEEGALAND,EQ
VELJAN,BE
VENKEYS,EQ
VENTIVE,EQ
VENUSPIPES,EQ
VENUSREM,BE
VERANDA,EQ
VERTOZ,EQ
VESUVIUS,EQ
VETO,EQ
VGCL,EQ
VGL,EQ
VGUARD,EQ
VHL,EQ
VHLTD,BE
VIDHIING,EQ
VIDYAWIRES,EQ
VIJAYA,EQ
VIJIFIN,BE
VIJSOLX,EQ
VIKASECO,EQ
VIKASLIFE,EQ
VIKRAMSOLR,EQ
VIKRAN,EQ
VIMTALABS,EQ
VINATIORGA,EQ
VINCOFE,EQ
VINDHYATEL,EQ
VINEETLAB,EQ
VINNY,EQ
VINYLINDIA,EQ
VIPCLOTHNG,EQ
VIPIND,EQ
VIPULLTD,BE
VIRAT,EQ
VIRINCHI,EQ
VIRTUALG,BE
VISACHROME,EQ
VISAKAIND,BE
VISHAL,EQ
VISHNU,EQ
VISHWARAJ,EQ
VISL,EQ
VITAL,EQ
VIVIANA,EQ
VIVIDHA,EQ
VIVIMEDLAB,BE
VIVOBIOT,EQ
VIYASH,EQ
VLEGOV,EQ
VLSFINANCE,EQ
VMART,EQ
VMM,EQ
VMSTMT,EQ
VOEPL,EQ
VOGL,EQ
VOITHPAPR,EQ
VOLTAMP,EQ
VOLTAS,EQ
VPRPL,EQ
VRAJ,EQ
VRLLOG,EQ
VSSL,EQ
VSTIND,EQ
VSTL,EQ
VSTTILLERS,EQ
VTL,EQ
VTMLTD,EQ
WAAREEENER,EQ
WAAREEINDO,EQ
WAAREERTL,EQ
WABAG,EQ
WAKEFIT,EQ
WALCHANNAG,EQ
WANBURY,EQ
WARDINMOBI,BZ
WATERBASE,EQ
WCIL,EQ
WEALTH,EQ
WEBELSOLAR,EQ
WEIZMANIND,EQ
WEL,EQ
WELCORP,EQ
WELENT,EQ
WELINV,BE
WELSPLSOL,EQ
WELSPUNLIV,EQ
WENDT,EQ
WESTLIFE,EQ
WEWIN,EQ
WEWORK,EQ
WHBRADY,EQ
WHEELS,EQ
WHIRLPOOL,EQ
WILLAMAGOR,EQ
WINDLAS,EQ
WINDMACHIN,EQ
WIPL,EQ
WIPRO,EQ
WOCKPHARMA,EQ
WONDERLA,EQ
WORTHPERI,EQ
WPIL,EQ
WSI,EQ
WSTCSTPAPR,EQ
XCHANGING,EQ
XELPMOC,EQ
XPROINDIA,EQ
XTGLOBAL,EQ
XTRANET,EQ
YASHO,EQ
YATHARTH,EQ
YATRA,EQ
YESBANK,EQ
YOGI,EQ
YUKEN,EQ
ZAGGLE,EQ
ZEEL,EQ
ZEELEARN,EQ
ZEEMEDIA,EQ
ZENITHEXPO,EQ
ZENITHSTL,EQ
ZENSARTECH,EQ
ZENTEC,EQ
ZFCVINDIA,EQ
ZFSTEERING,EQ
ZIMLAB,EQ
ZODIAC,EQ
ZODIACLOTH,EQ
ZOTA,EQ
ZSARACOM,EQ
ZUARI,EQ
ZUARIIND,EQ
ZYDUSLIFE,EQ
ZYDUSWELL,EQ
