stock,date,symbol
3IINFOLTD,2025-10-07,3IINFO-RE
5PAISA,2026-03-27,5PAISA-RE
AARTISURF,2023-01-25,AARTI-RE
ABINFRA,2024-09-24,ABIN-RE
ABINFRA,2025-04-07,ABIN-RE1
ADANIENT,2025-11-25,ADANI-RE
ADROITINFO,2024-02-07,ADRO-RE
AGASTYAEN,2024-05-15,SANG-RE
AJOONI,2022-12-07,AJOONI-RE
AJOONI,2024-05-21,AJOONI-RE1
AKG,2022-12-29,AKG-RE
AKSHAR,2024-09-09,AKSH-RE
APCL,2022-12-30,APCL-RE
ASIANTILES,2021-09-23,ASIAN-RE
ASIANTILES,2022-04-25,ASIAN-RE1
ASTEC,2025-07-14,ASTEC-RE
ATALREAL,2024-09-02,ATAL-RE
ATL,2025-11-24,ATL-RE
AURIGROW,2023-05-25,GODHA-RE
AURUM,2022-04-26,AURUM-RE
AVANTEL,2025-05-15,AVANTEL-RE
AVG,2026-06-01,AVG-RE
AVONMORE,2024-12-23,AVON-RE
BAIDFIN,2025-11-25,BAIDFIN-RE
BALKRISHNA,2024-04-02,BALKRI-RE
BASML,2021-09-20,BASML-RE
BASML,2025-05-13,BASML-RE1
BEARDSELL,2021-12-31,BEARD-RE
BHAGCHEM,2022-04-19,BCIL-RE
BHANDARI,2023-10-03,BHANDA-RE
BHANDARI,2024-07-08,BHANDA-RE1
BHANDARI,2026-03-06,BHANDA-RE2
BHARATGEAR,2021-11-22,BGEAR-RE
BHARTIARTL,2021-10-05,AIRTEL-RE
BROOKS,2023-08-07,BROOKS-RE
BTML,2022-05-17,BTML-RE
BTML,2025-04-15,BTML-RE1
CALSOFT,2025-01-24,CALSOFT-RE
CAMLINFINE,2025-01-17,CAMLIN-RE
CAPTRUST,2025-06-25,CAPTRU-RE
CAPTRUST,2025-10-20,CAPTRU-RE1
CCAVENUE,2025-07-03,INFIBE-RE
CENTEXT,2026-09-23,CENTEXT-RE
CGCL,2023-02-27,CGCL-RE
COASTCORP,2022-09-13,COAST-RE
COMPINFO,2022-11-23,COMP-RE
CYBERMEDIA,2025-08-18,CYBER-RE
DAVANGERE,2025-08-14,DAVAN-RE1
DELPHIFX,2025-10-27,DELPH-RE
DHANBANK,2025-01-08,DHAN-RE
DIL,2023-06-13,DIL-RE
DOLLEX,2025-05-21,DOLLEX-RE
DUCON,2024-09-12,DUCON-RE
DUCON,2026-09-03,DUCON-RE1
DYNPRO,2022-05-25,DYNPRO-RE
EFCIL,2026-05-13,EFCIL-RE
ESSENTIA,2022-05-16,ESSEN-RE
ESSENTIA,2022-12-01,ESSEN-RE1
ESSENTIA,2024-06-11,ESSEN-RE2
ESSENTIA,2026-05-29,ESSEN-RE3
ETHOSLTD,2025-06-20,ETHOS-RE
EXICOM,2025-07-15,EXICOM-RE
FUSION,2025-04-15,FUSI-RE
GANGAFORGE,2026-07-10,GANGAFO-RE
GATECH,2024-07-31,GATECH-RE
GATECH,2025-05-06,GATECH-RE1
GATECHDVR,2024-07-31,GACMDVR-RE
GATECHDVR,2025-05-06,GATDVR-RE
GENESYS,2026-08-14,GENESYS-RE
GEOJITFSL,2024-10-15,GEOJIT-RE
GICL,2023-10-04,GICL-RE
GLOBE,2024-03-06,GLOBE-RE
GLOBE,2025-01-24,GLOBE-RE1
GOKUL,2023-03-16,GOKUL-RE
GRASIM,2024-01-17,GRASIM-RE
GREENPOWER,2023-08-28,GREEN-RE
GREENPOWER,2024-08-27,GREEN-RE1
GVPTECH,2025-07-14,GVPTECH-RE
HATSUN,2022-12-19,HATSUN-RE
HCC,2024-03-26,HCC-RE
HCC,2025-12-12,HCC-RE1
HCG,2026-03-11,HCG-RE
HERITGFOOD,2023-01-30,HERIT-RE
HILTON,2022-11-03,HILTON-RE
HILTON,2026-01-05,HILTON-RE1
HILTON,2026-03-06,HILTON-RE2
HINDWAREAP,2024-11-07,HINDWAR-RE
IIFL,2024-04-30,IIFL-RE
INDHOTEL,2021-11-24,IHCL-RE
INDOWIND,2023-01-27,INDO-RE
INDOWIND,2024-07-26,INDO-RE1
INDOWIND,2025-12-01,INDO-RE2
INOXWIND,2025-08-06,INOXWI-RE
INVENTURE,2024-07-15,INVENT-RE
IRIS,2025-03-27,IRIS-RE
JAIPURKURT,2024-07-12,NANDANI-RE
JAYKAY,2026-09-07,JAYKAY-RE1
JETFREIGHT,2023-01-20,JETFRE-RE
JTEKTINDIA,2025-08-04,JTEKT-RE
JYOTISTRUC,2024-04-15,JYOTI-RE
JYOTISTRUC,2025-02-17,JYOTI-RE1
KDDL,2021-04-13,KDDL-RE
KEEPLEARN,2024-05-29,KEEPLN-RE
KESORAMIND,2021-09-27,KIL-RE
KILITCH,2025-07-23,KILITC-RE
KRISHIVAL,2025-12-26,KRISHFL-RE
KSHITIJPOL,2024-06-25,KSHITI-RE
KSHITIJPOL,2026-08-27,KSHITIJ-RE
LIBAS,2022-09-27,LIBAS-RE
LLOYDSENGG,2023-12-26,LLOYDS-RE
LLOYDSENGG,2025-05-15,LLOYDS-RE1
LLOYDSENT,2025-08-25,LLOYDSE-RE
M&MFIN,2025-05-22,M&MFIN-RE1
MAGNUM,2024-02-07,MAGNUM-RE
MAHAPEXLTD,2026-04-02,MAHAPE-RE
MAHLIFE,2025-06-02,MAHLIFE-RE
MAHLOG,2025-07-31,MAHLOG-RE
MARSHALL,2023-10-11,MARSHAL-RE
MAXIND,2025-05-07,MAXIND-RE
MGEL,2024-06-03,MGEL-RE
MITCON,2024-06-28,MITCON-RE
MITTAL,2023-02-22,MITTAL-RE
MITTAL,2024-10-11,MITTAL-RE1
MOKSH,2024-12-30,MOKSH-RE
NACLIND,2025-12-22,NACL-RE
NAGREEKEXP,2024-02-12,NAGREE-RE
NARMADA,2024-09-30,NARMA-RE
NDLVENTURE,2021-11-15,NXTDIG-RE
NDTV,2025-09-22,NDTV-RE
NECCLTD,2023-06-14,NECLTD-RE
NGIL,2022-04-18,NGIL-RE
NGIL,2023-09-18,NGIL-RE1
NGIL,2024-06-13,NGIL-RE2
ONELIFECAP,2026-02-23,ONECAP-RE
ONIDA,2025-07-14,MIRC-RE
ORIENTALTL,2024-09-19,ORIENT-RE
PATELENG,2023-02-14,PATEL-RE
PATELENG,2025-12-12,PATELEG-RE
PATINTLOG,2021-11-09,PATINT-RE1
PATINTLOG,2024-09-19,PATINT-RE2
PNB,2023-04-13,PNB-RE
PPLPHARMA,2023-08-08,PLPHAR-RE
PRABHA,2026-03-20,PRABHA-RE
PRAXIS,2021-09-21,PRAXIS-RE
PRAXIS,2023-06-06,PRAXIS-RE1
PRAXIS,2025-08-07,PRAXIS-RE2
QMSMEDI,2025-09-12,QMSMEDI-RE
RATNAVEER,2026-09-02,RATNA-RE
RELTD,2026-06-16,RELTD-RE
ROML,2023-02-21,ROML-RE
RPPINFRA,2021-09-27,RPP-RE
RSWM,2022-12-23,RSWM-RE
RUSHIL,2023-05-02,RUSHI-RE1
SADHNANIQ,2024-09-20,SADHNAN-RE
SADHNANIQ,2026-02-27,SADHNA-RE
SAKUMA,2024-04-25,SAKUMA-RE
SAMMAANCAP,2024-02-07,IBUL-RE
SARVESHWAR,2025-09-02,SARVES-RE
SDBL,2022-01-17,SDBL-RE
SDBL,2023-04-26,SDBL-RE1
SEPC,2023-04-10,SEPC-RE
SEPC,2023-12-06,SEPC-RE1
SEPC,2024-07-05,SEPC-RE2
SEPC,2025-06-09,SEPC-RE3
SGIL,2024-09-23,SGIL-RE
SHAH,2023-01-02,GAL-RE
SHAH,2026-06-11,SHAH-RE1
SHANTI,2026-08-14,SHANTI-RE
SHAREINDIA,2023-03-09,SHARE-RE
SHIVAMAUTO,2021-12-31,SHIVAM-RE
SHRADHA,2025-09-24,SHRADHA-RE
SHREERAMA,2023-06-12,SHRERA-RE
SICALLOG,2026-02-26,SICAL-RE
SIGMAADV,2021-07-22,MEGA-RE
SIKKO,2024-12-23,SIKKO-RE
SILGO,2024-02-29,SILGO-RE
SILGO,2026-01-14,SILGO-RE1
SKIPPER,2024-01-30,SKIPPER-RE
SOBHA,2024-06-28,SOBHA-RE
SOLARA,2024-05-28,SOLARA-RE
SOUTHBANK,2024-03-06,SOUTH-RE
SPANDANA,2025-08-01,SPAND-RE
SRPL,2023-07-17,SRPL-RE
STALLION,2026-02-20,STALL-RE
SUMEETINDS,2026-06-22,SUMEET-RE
SUVEN,2022-10-31,SUVEN-RE
SUZLON,2022-10-11,SUZLON-RE
TATACONSUM,2024-08-05,TATACON-RE
TEMBO,2022-08-22,TEMBO-RE
TEXRAIL,2021-11-01,TRAIL-RE
TFL,2022-11-15,TFL-RE
THANGAMAYL,2025-02-21,THANG-RE
TIL,2024-04-26,TIL-RE
TIL,2026-03-30,TIL-RE1
TPHQ,2023-04-27,GISO-RE
TSFINV,2021-05-06,SFHL-RE
TTL,2025-07-17,TTL-RE
UGROCAP,2025-06-13,UGRO-RE
UPL,2024-12-05,UPL-RE
UTKARSHBNK,2025-10-24,UTKAR-RE
VALIANTLAB,2025-07-28,VALIANT-RE
VARDMNPOLY,2024-09-12,VARDM-RE
VCL,2023-08-07,VCL-RE
VHLTD,2024-12-12,VHLTD-RE
VHLTD,2026-09-03,VHLTD-RE1
VIJIFIN,2024-05-28,VIJIFI-RE
VIKASECO,2021-06-15,VECO-RE
VIKASECO,2021-12-07,VECO-RE1
VIKASLIFE,2021-05-27,VLIFE-RE
VIKASLIFE,2021-11-10,VLIFE-RE1
VINEETLAB,2026-01-01,VINEET-RE
VINNY,2024-08-27,VINNY-RE
WOCKPHARMA,2022-03-15,WOCKH-RE
