date,long,short,ls,ls_net,long_net,long_excess,universe,ls_skip1,ls_open,ls_open_net,turnover_long,turnover_short,n_stocks
2023-01-03,0.0029902551,0.008961859,-0.005971604,-0.011971604,-9.744894e-06,-0.00092688994,0.003917145,0.00012304726988077164,-0.0059416564,-0.0119416565,1.0,1.0,1491
2023-01-04,-0.008411746,-0.009394791,0.0009830454,-0.0014733304,-0.009418457,-0.0003970191,-0.008014726,0.0011868589790537953,-0.0015204353,-0.003976811,0.33557046979865746,0.48322147651006664,1494
2023-01-05,0.0044202753,-0.0002990538,0.004719329,0.0023434903,0.003413564,0.0034898845,0.0009303908,0.00696396641433239,0.0054013403,0.0030255015,0.33557046979865746,0.45637583892617406,1497
2023-01-06,-0.0037060871,-0.006191786,0.0024856988,0.00039173895,-0.004591993,0.002268187,-0.005974274,0.0023592221550643444,0.0031253204,0.0010313606,0.2953020134228186,0.4026845637583889,1493
2023-01-09,0.0058675166,0.006022859,-0.00015534228,-0.0022090336,0.004941342,-0.0007166839,0.0065842005,0.000649753026664257,-0.0007544459,-0.0028081373,0.3087248322147649,0.3758389261744963,1492
2023-01-10,-0.0072551887,-0.010285547,0.0030303583,0.0007753249,-0.008221632,-0.0019175727,-0.005337616,0.00299484608694911,0.00064372225,-0.0016113112,0.3221476510067108,0.42953020134228104,1489
2023-01-11,0.0056259264,0.0024193285,0.0032065979,0.0010723697,0.004659483,0.0036103681,0.0020155583,0.0001229593763127923,0.0014528858,-0.0006813423,0.32214765100671083,0.38926174496644217,1490
2023-01-12,-0.00074404007,-0.00021652352,-0.00052751653,-0.0027422816,-0.0015896776,0.00068939343,-0.0014334335,0.004845073912292719,0.0020403084,-0.00017445674,0.2818791946308723,0.45637583892617406,1492
2023-01-13,0.007961926,0.0036848783,0.0042770477,0.0014985241,0.0067136036,0.004079976,0.00388195,0.00013289274647831917,0.0019760113,-0.0008025123,0.4161073825503348,0.5100671140939589,1483
2023-01-16,-0.00015808777,-0.003191831,0.0030337432,0.00076347287,-0.0011716014,0.001219786,-0.0013778738,-0.0012414664961397648,0.0048080087,0.0025377383,0.33783783783783744,0.41891891891891836,1483
2023-01-17,-0.003573416,-0.00036482554,-0.0032085904,-0.0053830873,-0.004741201,-0.0021410184,-0.0014323976,0.004603510722517967,-0.0034848608,-0.0056593576,0.38926174496644217,0.33557046979865707,1494
2023-01-18,0.007937335,0.0010425842,0.0068947515,0.0046397178,0.006850087,0.004504909,0.0034324264,0.007358899340033531,0.0057599926,0.0035049592,0.36241610738255003,0.3892617449664426,1494
2023-01-19,0.00079940975,-0.005855,0.0066544097,0.0043591075,-0.00028783857,0.002476128,-0.0016767182,0.0010427228407934308,0.005793943,0.003498641,0.36241610738255003,0.4026845637583889,1494
2023-01-20,-0.0014299592,-0.006866899,0.0054369397,0.0033429798,-0.0021547915,0.0012125897,-0.0026425489,0.009946845471858978,0.005704752,0.0036107923,0.24161073825503304,0.45637583892617367,1481
2023-01-23,0.0021880786,-0.006682454,0.008870533,0.0064626383,0.0010433417,0.0041243024,-0.001936224,-0.006795624271035194,0.008714194,0.0063063,0.3815789473684216,0.4210526315789483,1521
2023-01-24,-0.0074419025,-0.0020879284,-0.005353974,-0.007471621,-0.008265432,-0.0036761807,-0.0037657218,0.0014823516830801964,-0.0063752094,-0.008492856,0.27450980392156776,0.4313725490196069,1537
2023-01-25,-0.010560792,-0.009036817,-0.0015239753,-0.0036416224,-0.011698047,0.001205734,-0.011766526,0.0023980364203453064,0.00052430294,-0.0015933441,0.3790849673202611,0.32679738562091487,1538
2023-01-27,-0.025942117,-0.02964914,0.0037070233,0.0015641663,-0.026955104,-0.003695378,-0.022246739,0.007569681387394667,0.0002847463,-0.0018581108,0.33766233766233694,0.3766233766233751,1540
2023-01-30,-0.0045967186,-0.009950379,0.0053536603,0.0033276863,-0.0055707446,-4.828768e-05,-0.004548431,-0.004119411110877991,0.0050447,0.0030187261,0.32467532467532423,0.3506493506493491,1539
2023-01-31,0.021810064,0.022458281,-0.0006482173,-0.0032975678,0.020641234,0.0030512158,0.018758848,-0.004921954125165939,-0.003213495,-0.0058628456,0.3896103896103884,0.4935064935064916,1540
2023-02-01,-0.022805959,-0.017108086,-0.0056978725,-0.008191379,-0.02397479,-0.007988032,-0.014817927,-0.0012189741246402264,-0.0074858908,-0.009979397,0.38961038961038874,0.44155844155844043,1515
2023-02-02,-0.0013962549,-0.0014772151,8.096022e-05,-0.002819702,-0.002707513,-0.0010864291,-0.00030982576,0.0022588116116821766,0.0012441217,-0.0016565407,0.43708609271523247,0.5298013245033117,1493
2023-02-03,-0.0042958995,-0.009930216,0.0056343162,0.0028960612,-0.0057052956,0.0022026529,-0.0064985524,-0.0009217110928148031,0.0062830495,0.0035447944,0.46979865771812035,0.44295302013422777,1494
2023-02-06,0.0019295907,-0.0009486911,0.0028782818,0.0001802952,0.0005604632,-0.0017182815,0.0036478722,0.01119944266974926,0.0057935463,0.0030955598,0.45637583892617406,0.44295302013422777,1494
2023-02-07,0.004183557,-0.0054321475,0.009615704,0.006998255,0.0029755032,0.0050631757,-0.00087961886,-0.0008983761072158813,0.00623881,0.00362136,0.4026845637583889,0.46979865771812035,1493
2023-02-08,0.0064889197,0.007831047,-0.0013421276,-0.003919309,0.005119792,-0.0015815762,0.008070496,-0.0007302076555788517,-0.000102405436,-0.0026795866,0.45637583892617406,0.4026845637583889,1494
2023-02-09,-0.0015820601,0.001563396,-0.003145456,-0.005762906,-0.0028706507,-0.0023839865,0.00080192625,-0.00641852430999279,-0.0040796874,-0.006697137,0.4295302013422815,0.44295302013422777,1492
2023-02-10,0.0008546263,0.007559987,-0.0067053605,-0.00902536,-0.00026537373,-0.0014902411,0.0023448674,-0.002527591772377491,-0.006909431,-0.009229431,0.3733333333333333,0.3999999999999999,1509
2023-02-13,-0.013033873,-0.010010247,-0.0030236263,-0.0051436266,-0.014073873,-0.0014384659,-0.0115954075,0.01010913960635662,0.0012784367,-0.00084156333,0.3466666666666663,0.3599999999999996,1502
2023-02-14,-0.0038078655,-0.015332476,0.01152461,0.00916461,-0.0049278657,0.0033491044,-0.00715697,0.010808905586600304,0.01271956,0.01035956,0.37333333333333324,0.4133333333333332,1496
2023-02-15,0.005686713,-0.004767047,0.01045376,0.007973759,0.004606713,0.0027564822,0.0029302307,-0.0003780927509069443,0.007256712,0.0047767116,0.35999999999999993,0.4666666666666664,1508
2023-02-16,0.0037482404,0.0049586874,-0.0012104469,-0.0034904468,0.0026682406,-0.0015279395,0.00527618,0.005147513002157211,-0.0007561407,-0.0030361405,0.3599999999999996,0.3999999999999995,1507
2023-02-17,-0.0005782866,-0.0063670594,0.005788773,0.0037887727,-0.0015782866,0.0026563024,-0.003234589,0.003705232637003064,0.005007096,0.003007096,0.333333333333333,0.333333333333333,1509
2023-02-20,-0.002308353,-0.0061666337,0.0038582806,0.0019382806,-0.003228353,0.0013826848,-0.003691038,0.008085760287940502,0.0022151426,0.00029514264,0.30666666666666637,0.333333333333333,1507
2023-02-21,0.0004919996,-0.009057649,0.009549649,0.0071655437,-0.00062058313,0.0034701915,-0.002978192,0.00037058256566524506,0.006848154,0.004464048,0.37086092715231844,0.42384105960264934,1511
2023-02-22,-0.015176167,-0.016334781,0.0011586146,-0.001106286,-0.016328484,-0.0019281814,-0.013247985,0.0053587546572089195,0.003973563,0.0017086626,0.3841059602649004,0.37086092715231767,1510
2023-02-23,-0.0014399736,-0.0010443245,-0.0003956491,-0.003097636,-0.0026320266,0.0002757511,-0.0017157247,0.006073218770325184,-0.00034614,-0.0030481268,0.39735099337748314,0.503311258278145,1512
2023-02-24,-0.0004851591,-0.0047393376,0.0042541786,0.0015919269,-0.0015977419,0.0026324703,-0.0031176293,0.006480129435658455,0.000983661,-0.0016785907,0.37086092715231767,0.5165562913907279,1513
2023-02-27,-0.01714781,-0.023244433,0.006096624,0.0034343721,-0.018419333,-0.0012584422,-0.015889367,0.003203338012099266,0.004799554,0.0021373024,0.4238410596026493,0.4635761589403975,1480
2023-02-28,-0.014328148,-0.019972755,0.0056446064,0.0026851469,-0.015747067,0.0025376026,-0.01686575,0.005855606868863106,0.009898852,0.006939392,0.4729729729729741,0.5135135135135148,1411
2023-03-01,0.021658141,0.01935742,0.0023007207,-0.0008461324,0.020021778,0.0059237927,0.015734348,-0.002533223945647478,0.0019242633,-0.0012225898,0.5454545454545469,0.5034965034965051,1432
2023-03-02,-0.0016386345,-0.0020735378,0.0004349033,-0.0025857864,-0.003045531,-0.00022397959,-0.0014146549,0.0033077094703912735,0.00088338327,-0.0021373064,0.46896551724138047,0.5379310344827599,1451
2023-03-03,0.011373806,0.00989218,0.0014816262,-0.00091837393,0.010339323,0.0020503234,0.009323482,0.0008389235008507967,0.0010263687,-0.0013736314,0.34482758620689696,0.4551724137931041,1454
2023-03-06,0.0054608625,0.0064286557,-0.00096779317,-0.0033677933,0.004302242,-0.0008995696,0.006360432,0.00514457281678915,-0.000585563,-0.0029855631,0.38620689655172463,0.4137931034482764,1457
2023-03-08,0.012500607,0.0065856487,0.0059149587,0.0032666828,0.01113509,0.007389479,0.0051111286,0.002226303331553936,0.007872635,0.0052243588,0.4551724137931041,0.4275862068965523,1456
2023-03-09,0.0016203447,-0.0030492067,0.0046695513,0.0023523099,0.00050310337,0.0030679079,-0.0014475631,-0.0035705245099961758,0.004884989,0.0025677476,0.37241379310344874,0.4000000000000005,1453
2023-03-10,-0.0056714523,-0.0009921164,-0.0046793357,-0.006898514,-0.006739945,-0.0013677347,-0.0043037175,0.00262337364256382,-0.008884175,-0.0111033525,0.3561643835616435,0.38356164383561586,1465
2023-03-13,-0.023679521,-0.028365217,0.004685696,0.0026309018,-0.02458363,-0.0010917503,-0.02258777,-0.003261348232626915,0.003611438,0.0015566435,0.30136986301369884,0.38356164383561697,1466
2023-03-14,-0.01260163,-0.011371857,-0.0012297733,-0.0032845677,-0.013711219,-0.0027792929,-0.009822337,0.0030098767019808292,-0.0042387936,-0.0062935883,0.3698630136986306,0.3150684931506852,1467
2023-03-15,-0.0003485135,-0.00211538,0.0017668665,-0.00083313347,-0.0015085135,0.0015429524,-0.0018914659,0.001605106983333826,0.0011514183,-0.0014485817,0.38666666666666605,0.47999999999999965,1507
2023-03-16,-0.0070143845,-0.008934762,0.0019203778,-0.00026505254,-0.008126968,-0.0011633798,-0.0058510047,0.0008730599656701088,0.005936639,0.0037512085,0.3708609271523181,0.3576158940397356,1510
2023-03-17,0.0093813175,0.008970801,0.00041051675,-0.0020133243,0.008268734,0.0038756193,0.0055056983,0.00023223180323839188,-0.0003431547,-0.0027669957,0.37086092715231767,0.43708609271523136,1511
2023-03-20,-0.013157207,-0.014751952,0.0015947456,-0.0008688306,-0.014230054,-0.0019380245,-0.011219182,0.00512065552175045,0.0011988715,-0.0012647046,0.3576158940397349,0.46357615894039683,1514
2023-03-21,0.009716582,0.0066598537,0.0030567278,0.00059315166,0.008484794,0.0034263888,0.0062901927,0.0004229070618748665,0.0050649038,0.0026013276,0.4105960264900659,0.4105960264900659,1515
2023-03-22,0.0049913246,0.0068126824,-0.0018213578,-0.003847848,0.0040376824,-0.0012543737,0.0062456983,0.002762086456641555,-0.0014690082,-0.0034954983,0.3178807947019867,0.3576158940397349,1514
2023-03-23,-0.0035461062,-0.0056985165,0.0021524103,0.00012592017,-0.0044600135,8.329912e-05,-0.0036294053,8.590146899223328e-05,0.003508013,0.0014815228,0.304635761589404,0.37086092715231767,1517
2023-03-24,-0.015746504,-0.018709796,0.0029632915,0.000738126,-0.016779616,-0.0013222145,-0.01442429,0.005574556067585945,0.0015190113,-0.00070615415,0.3443708609271522,0.39735099337748314,1517
2023-03-27,-0.020120118,-0.026116416,0.005996298,0.003532722,-0.021312172,-0.001063671,-0.019056447,0.010648982599377632,0.0070688482,0.004605272,0.39735099337748314,0.4238410596026486,1516
2023-03-28,-0.010666397,-0.021289345,0.0106229475,0.008556722,-0.0117789805,0.0034901705,-0.014156568,0.007342636585235596,0.0096432865,0.007577061,0.37086092715231767,0.3178807947019867,1516
2023-03-29,0.020389523,0.0084393835,0.01195014,0.0097647095,0.019276941,0.0047765207,0.015613003,0.012809695675969124,0.012610776,0.010425346,0.37086092715231767,0.3576158940397349,1514
2023-03-31,0.023234159,0.011257557,0.011976602,0.009791171,0.02224078,0.009010582,0.0142235765,0.005998622626066208,0.014782756,0.012597325,0.33112582781456945,0.39735099337748314,1516
2023-04-03,0.035760105,0.02846253,0.0072975755,0.0044763833,0.034369376,0.0113259815,0.024434123,0.007330005988478661,0.0094524175,0.0066312253,0.46357615894039683,0.47682119205297957,1519
2023-04-05,0.02589198,0.018476382,0.0074155983,0.004928756,0.024786716,0.008872541,0.01701944,0.007637843489646912,0.011785245,0.009298403,0.3684210526315803,0.4605263157894747,1521
2023-04-06,0.015668165,0.008103404,0.0075647607,0.004841076,0.01432606,0.0057102833,0.009957882,-0.0025463304482400417,0.0038260939,0.0011024096,0.44736842105263275,0.46052631578947467,1518
2023-04-10,0.0026391984,0.0043039266,-0.0016647282,-0.0036912183,0.0018047614,-0.00012212759,0.002761326,-0.0016558724455535412,-0.0010731316,-0.0030996217,0.2781456953642385,0.39735099337748314,1519
2023-04-11,0.008899368,0.009563547,-0.0006641783,-0.0029141782,0.008188842,0.0018980866,0.0070012817,-0.0013051913119852543,-0.00010258332,-0.0023525832,0.23684210526315877,0.5131578947368429,1522
2023-04-12,0.0044335723,0.004400836,3.2736454e-05,-0.0020988425,0.003723046,-0.0012198524,0.0056534247,-0.0037514546420425177,-0.00072538946,-0.0028569684,0.23684210526315772,0.47368421052631626,1521
2023-04-13,0.0022970662,0.007540171,-0.005243105,-0.007098368,0.0015075924,-0.00082246284,0.003119529,-0.004817157983779907,-0.004989673,-0.006844936,0.2631578947368419,0.35526315789473695,1521
2023-04-17,0.0034648948,0.007719658,-0.004254763,-0.006188974,0.0025964738,0.0010205919,0.002444303,0.0006525397766381502,-0.0032386887,-0.005172899,0.2894736842105262,0.35526315789473695,1521
2023-04-18,0.0024810787,0.00479102,-0.0023099412,-0.0042441515,0.0016521313,-0.00022043544,0.0027015142,-0.0005588349886238575,-0.002471562,-0.0044057723,0.27631578947368407,0.3684210526315791,1525
2023-04-19,0.004353993,0.002361086,0.0019929071,1.9222964e-05,0.0035645193,0.0020822147,0.0022717784,0.0039979140274226665,-0.0007814104,-0.0027550946,0.2631578947368419,0.3947368421052634,1522
2023-04-20,0.006192579,0.002596875,0.003595704,0.0013062302,0.0052846842,0.0030654408,0.0031271381,4.6631903387606144e-05,0.005396887,0.0031074134,0.30263157894736836,0.4605263157894741,1525
2023-04-21,-0.001605421,-0.00054089463,-0.0010645264,-0.003235579,-0.002473842,0.0011744528,-0.0027798738,0.007564631290733814,8.463557e-05,-0.002086417,0.2894736842105262,0.4342105263157898,1522
2023-04-24,0.0061582564,-0.002520717,0.008678974,0.0067052897,0.0052898354,0.0026200262,0.0035382302,0.004510131664574146,0.009838249,0.007864565,0.2894736842105262,0.3684210526315791,1524
2023-04-25,0.0064089675,-4.9986924e-05,0.0064589544,0.004445797,0.0055405465,0.003991684,0.0024172838,0.006087624933570623,0.004480143,0.0024669853,0.2894736842105262,0.38157894736842124,1526
2023-04-26,0.0036970198,-0.001518046,0.0052150656,0.003044013,0.002789125,-0.00042384327,0.004120863,-0.0006026905030012131,0.007091762,0.0049207094,0.30263157894736836,0.4210526315789477,1529
2023-04-27,0.0069382293,0.008100915,-0.0011626855,-0.0035548422,0.005957837,0.0007605483,0.006177681,-0.003840144257992506,-0.0036458392,-0.006037996,0.326797385620914,0.4705882352941165,1530
2023-04-28,0.0023051961,0.0061755814,-0.0038703852,-0.0062233265,0.0013640197,-0.005415123,0.007720319,-0.0001965588890016079,-0.004787269,-0.00714021,0.3137254901960783,0.470588235294117,1530
2023-05-02,0.0058750976,0.008230105,-0.0023550075,-0.0048255958,0.0050123525,-0.00022483384,0.0060999314,0.0022226471919566393,0.0005069511,-0.0019636373,0.2875816993464052,0.5359477124182997,1532
2023-05-03,-0.0007908692,-0.003150013,0.002359144,0.0003983595,-0.0014183202,-0.0019868698,0.0011960007,-0.002664601430296898,-0.0006279133,-0.0025886977,0.2091503267973857,0.44444444444444386,1533
2023-05-04,0.0069819153,0.011179097,-0.0041971817,-0.006275613,0.006276033,-0.0017360286,0.008717944,0.001237764721736312,-0.0022509834,-0.004329415,0.23529411764705893,0.4575163398692804,1532
2023-05-05,-0.0019448886,-0.0030275816,0.001082693,-0.0010741698,-0.0029644966,0.002960874,-0.0049057626,0.0060813650488853455,-0.002148871,-0.004305734,0.3398692810457514,0.3790849673202611,1536
2023-05-08,0.004673327,0.0027184375,0.0019548894,-0.0002804047,0.0038105818,-0.0005050525,0.0051783794,-0.0036277968902140856,0.0029360433,0.0007007492,0.2875816993464052,0.4575163398692804,1532
2023-05-09,-0.004856156,-0.002079941,-0.002776215,-0.004776215,-0.0056796856,-0.0027121347,-0.0021440214,0.00042936578392982483,-0.004096933,-0.006096933,0.27450980392156865,0.39215686274509765,1534
2023-05-10,0.0048985356,0.0055652554,-0.00066671986,-0.002902014,0.004114222,0.0019330713,0.0029654643,0.0005959281697869301,-6.027287e-05,-0.002295567,0.2614379084967321,0.48366013071895353,1536
2023-05-11,0.008053921,0.008787646,-0.0007337248,-0.0027729406,0.0073480387,0.0017297189,0.0063242023,0.00030133314430713654,-0.003198773,-0.0052379887,0.23529411764705893,0.44444444444444386,1537
2023-05-12,0.0012275687,0.0011470916,8.04771e-05,-0.0016450131,0.0006001177,0.0013032806,-7.571185e-05,0.0038957183714956045,0.00045887032,-0.0012666199,0.2091503267973857,0.36601307189542454,1534
2023-05-15,0.001765869,0.00034767968,0.0014181893,-0.00077788916,0.001020771,-0.0016335762,0.0033994452,-0.0009591043926775455,0.00066206977,-0.0015340087,0.24836601307189554,0.48366013071895353,1535
2023-05-16,0.003041562,0.0018950393,0.0011465226,-0.0008926932,0.0023356797,0.0008098623,0.0022316996,0.004409163258969784,0.0010302626,-0.0010089532,0.23529411764705893,0.44444444444444386,1539
2023-05-17,0.0045312224,-0.001460634,0.0059918566,0.0041095037,0.00382534,0.003992733,0.0005384893,0.0038900997024029493,-0.001281383,-0.0031637358,0.23529411764705893,0.39215686274509765,1539
2023-05-18,0.0010600733,-0.0011886666,0.0022487398,0.00020952406,0.00031497522,0.002168642,-0.0011085687,0.0016086864052340388,0.0021345774,9.536161e-05,0.248366013071896,0.4313725490196081,1507
2023-05-19,0.00042238002,-0.0029350268,0.0033574067,0.0011574067,-0.00033762,0.0013744241,-0.00095204404,0.00010683987056836486,0.003577161,0.0013771611,0.25333333333333313,0.47999999999999937,1502
2023-05-22,0.00026060786,-0.0023341503,0.002594758,0.00016338541,-0.000759,-0.0013722277,0.0016328356,-0.0036188054364174604,0.004542414,0.0021110415,0.3398692810457521,0.47058823529411803,1539
2023-05-23,0.0022253247,0.005909909,-0.0036845843,-0.0057884804,0.0013681819,-0.00017536548,0.0024006902,0.0038489936850965023,-0.006355693,-0.008459589,0.2857142857142855,0.41558441558441467,1543
2023-05-24,-0.0010279474,-0.0027367433,0.0017087959,-0.0005119833,-0.0019240513,-0.001578335,0.0005503875,0.004272915422916412,0.0040673777,0.0018465985,0.29870129870129897,0.4415584415584427,1520
2023-05-25,0.0055078682,0.0002559539,0.0052519143,0.003159809,0.0047183945,0.0028092004,0.0026986678,0.0007633229251950979,-0.00027559279,-0.0023676981,0.2631578947368419,0.4342105263157898,1523
2023-05-26,0.004187617,0.0026749608,0.0015126562,-0.00051331776,0.0033304743,-0.00025639916,0.004444016,-0.0024508533533662558,0.0015944117,-0.0004315623,0.28571428571428553,0.3896103896103908,1540
2023-05-29,0.0034550996,-0.0010679669,0.004523067,0.0022243655,0.0025200348,0.0003818774,0.0030732222,0.0009084377088584006,0.00015938003,-0.0021393213,0.31168831168831135,0.4545454545454537,1504
2023-05-30,-0.00086752017,-0.0012219202,0.00035440008,-0.0021656,-0.0019075202,-0.00083559594,-3.192421e-05,0.009449061006307602,0.0037173599,0.0011973598,0.3466666666666663,0.4933333333333327,1505
2023-05-31,0.008952457,-0.004068091,0.013020549,0.010393098,0.007815203,0.005529513,0.0034229443,-0.0008589150384068489,0.008758599,0.006131148,0.3790849673202619,0.4967320261437911,1538
2023-06-01,0.007049494,0.0070396746,9.8194e-06,-0.0021330377,0.006075468,9.599049e-05,0.0069535035,0.0002654409036040306,-0.001993808,-0.004136665,0.3246753246753238,0.3896103896103885,1540
2023-06-02,0.009471708,0.008910656,0.000561052,-0.0012701168,0.008614565,0.0012186244,0.008253084,-0.0015385206788778305,-0.00059311837,-0.0024242871,0.28571428571428575,0.32467532467532473,1543
2023-06-05,0.011591395,0.007005967,0.004585428,0.0029101036,0.0108511355,0.0041476926,0.007443703,-0.0019825133495032787,0.0075109126,0.005835588,0.2467532467532468,0.31168831168831174,1542
2023-06-06,0.0047184154,0.007998623,-0.0032802075,-0.0053061815,0.0037833506,-0.0010540518,0.0057724672,-0.003919046372175217,-0.007840682,-0.009866656,0.31168831168831174,0.3636363636363637,1546
2023-06-07,0.005668903,0.008120526,-0.0024516229,-0.004399675,0.004772799,-0.00405275,0.009721653,0.0035584084689617157,-0.0018015984,-0.0037496504,0.29870129870129875,0.3506493506493507,1548
2023-06-08,-0.0054383897,-0.010163799,0.004725409,0.0028163183,-0.006373455,0.0005370658,-0.0059754555,0.005391896236687899,0.003968956,0.002059865,0.31168831168831174,0.32467532467532473,1546
2023-06-09,0.00024573383,-0.0028947792,0.003140513,0.0011535,-0.0006503701,-5.8521604e-05,0.00030425543,0.0026769875548779964,-0.0007750373,-0.0027620504,0.29870129870129875,0.3636363636363637,1547
2023-06-12,0.008728259,0.0022184742,0.006509785,0.004289006,0.0076763113,0.0022422434,0.006486016,0.0027986615896224976,0.007940942,0.005720163,0.3506493506493507,0.3896103896103897,1548
2023-06-13,0.009921257,0.0024016122,0.007519645,0.005119645,0.008837386,0.00322983,0.0066914274,0.0052256775088608265,0.006525997,0.004125997,0.36129032258064536,0.43870967741935446,1553
2023-06-14,0.0063501745,-0.00022970323,0.006579878,0.0046056844,0.0054985615,0.0016981116,0.004652063,0.00460261944681406,0.0076911915,0.005716998,0.2838709677419354,0.3741935483870969,1555
2023-06-15,0.0045879805,0.0009569096,0.0036310707,0.0016568771,0.0036589482,0.0030391137,0.0015488667,-0.000994084868580103,0.0018713302,-0.000102863414,0.30967741935483867,0.3483870967741936,1553
2023-06-16,0.0060490062,0.009653684,-0.0036046775,-0.005578871,0.0050812643,-0.001050408,0.0070994142,0.004388935398310423,-0.002056378,-0.0040305713,0.3225806451612903,0.33548387096774196,1553
2023-06-19,0.0031435282,-0.004138103,0.007281631,0.0053461473,0.0022919155,0.0019736574,0.001169871,0.011773727834224701,0.008480092,0.0065446077,0.2838709677419354,0.36129032258064525,1550
2023-06-20,0.009480949,0.00017098746,0.009309961,0.007451897,0.008513207,0.0036684186,0.00581253,-0.0008471815381199121,0.0075925086,0.005734444,0.3225806451612903,0.296774193548387,1551
2023-06-21,-0.00030592878,0.00023176646,-0.00053769525,-0.0025505987,-0.0011962514,-0.0015052197,0.001199291,-0.0036622919142246246,0.0028621356,0.0008492323,0.2967741935483874,0.3741935483870968,1547
2023-06-22,-0.010167739,-0.010959182,0.0007914426,-0.0011955705,-0.011180727,-0.002702741,-0.0074649984,-0.0009308522567152977,-0.00036338065,-0.0023503937,0.3376623376623377,0.32467532467532473,1546
2023-06-23,-0.014616604,-0.010085279,-0.004531325,-0.006440416,-0.01559063,-0.0047683883,-0.009848216,0.0030787407886236906,-0.0077770283,-0.009686119,0.32467532467532473,0.31168831168831174,1546
2023-06-26,0.004816273,0.0031891167,0.0016271565,-0.00032089546,0.0038422472,-0.000102526974,0.0049188,0.005686616525053978,0.00081310235,-0.0011349496,0.32467532467532473,0.32467532467532473,1548
2023-06-27,0.008538922,0.0012351301,0.007303792,0.005394701,0.0077207405,0.0023218389,0.0062170834,0.002536181826144457,0.0083644865,0.0064553954,0.27272727272727276,0.3636363636363637,1549
2023-06-28,0.004934818,0.0025348114,0.0024000066,0.000724682,0.004194558,0.0026854242,0.0022493938,-0.003249142784625292,0.002538004,0.0008626793,0.2467532467532468,0.31168831168831174,1546
2023-06-30,0.0023471818,0.00638376,-0.0040365783,-0.005906708,0.0014121169,-0.0029110147,0.0052581965,-0.0011860202066600323,-0.0071556927,-0.009025822,0.31168831168831174,0.31168831168831174,1548
2023-07-03,0.0073710396,0.008160391,-0.0007893513,-0.0028542865,0.0064359745,0.0026901984,0.004680841,-0.0024834040086716413,-0.000590106,-0.0026550412,0.31168831168831124,0.3766233766233753,1519
2023-07-04,-0.0026480795,0.0020975827,-0.004745662,-0.0064940066,-0.0034427815,-0.0024204217,-0.00022765787,0.0029635964892804623,-0.0038352238,-0.0055835685,0.26490066225165576,0.3178807947019867,1511
2023-07-05,0.0067254035,0.003213033,0.0035123704,0.0016050857,0.0057717613,-0.00010613445,0.006831538,0.002309727016836405,0.0012474554,-0.00065982935,0.3178807947019867,0.3178807947019867,1510
2023-07-06,0.00643454,0.0026801464,0.0037543934,0.0017279033,0.0054808976,-0.00036274735,0.006797287,-0.0010851332917809486,0.0033652303,0.0013387401,0.3178807947019873,0.35761589403973537,1506
2023-07-07,-0.0021497533,-0.0007065332,-0.0014432201,-0.0032032202,-0.0031097531,0.00026504812,-0.0024148014,0.008688407018780708,0.000403672,-0.001356328,0.3199999999999997,0.26666666666666644,1504
2023-07-10,-0.0017563894,-0.007865519,0.0061091296,0.0040052338,-0.0027693764,0.00025177654,-0.002008166,-0.0012173335999250412,0.003091395,0.0009874988,0.3376623376623376,0.36363636363636326,1542
2023-07-11,0.0054675,0.005471734,-4.2337924e-06,-0.0025367013,0.0041817855,-0.0010926807,0.006560181,4.482641816139221e-05,0.0010450035,-0.001487464,0.42857142857142794,0.41558441558441517,1506
2023-07-12,0.0060374695,0.00337849,0.0026589795,0.0005389794,0.0050374693,0.0020461315,0.003991338,-0.0010135429911315441,0.0030930168,0.0009730167,0.33333333333333337,0.37333333333333324,1498
2023-07-13,-0.008452021,-0.0093249,0.0008728793,-0.0009794697,-0.009378195,-0.0019589192,-0.0064931014,-0.00033735577017068863,-0.0031375051,-0.004989854,0.3087248322147649,0.3087248322147649,1499
2023-07-14,0.011797785,0.011468148,0.00032963697,-0.0017643229,0.010791074,0.00064209476,0.01115569,-0.0030678585171699524,-0.0015589232,-0.003652883,0.33557046979865746,0.36241610738255003,1499
2023-07-17,0.008580916,0.011358842,-0.0027779266,-0.0050916523,0.0074828765,0.00017596036,0.008404955,0.0032274932600557804,-0.0027342467,-0.0050479723,0.36601307189542553,0.40522875816993514,1534
2023-07-18,-0.002049087,-0.006604053,0.004554966,0.002554966,-0.0030686948,0.0016347689,-0.003683856,-8.164718747138977e-05,0.005576374,0.003576374,0.3398692810457521,0.3267973856209157,1503
2023-07-19,0.008023658,0.007389853,0.00063380506,-0.001206195,0.007183658,0.0017812345,0.0062424233,-0.003793040756136179,-0.0040209303,-0.0058609303,0.2800000000000001,0.33333333333333326,1494
2023-07-20,-0.00042324179,0.0007752092,-0.001198451,-0.0034729608,-0.001403634,-0.0027878622,0.0023646203,-0.0035681044682860374,-0.004725147,-0.0069996566,0.3267973856209158,0.43137254901960814,1533
2023-07-21,-0.00033471233,0.001638281,-0.0019729934,-0.0038553462,-0.0012758889,-0.0006626744,0.0003279621,0.006283803842961788,0.003506531,0.001624178,0.3137254901960783,0.3137254901960783,1532
2023-07-24,0.0034858233,-0.0037172479,0.0072030714,0.0053207185,0.0025838625,0.0017624154,0.0017234079,0.006867215037345886,0.004814407,0.002932054,0.30065359477124176,0.32679738562091487,1530
2023-07-25,0.005235364,0.00070895324,0.004526411,0.002526411,0.0043334034,0.0038814116,0.0013539526,0.0020337412133812904,0.005167947,0.003167947,0.300653594771242,0.36601307189542476,1517
2023-07-26,0.0052956534,0.0028055331,0.0024901202,0.00070204074,0.004421481,0.0010679909,0.0042276625,0.004205426666885614,0.00095401215,-0.00083406735,0.2913907284768217,0.3046357615894043,1507
2023-07-27,0.0012033639,-0.00042682796,0.0016301918,-0.00011815259,0.00024972152,-0.0005704013,0.0017737652,0.004136610310524702,0.0034603358,0.0017119914,0.3178807947019872,0.2649006622516562,1516
2023-07-28,0.0014897464,-0.0015568665,0.0030466127,0.0010598577,0.000536104,-0.001083835,0.0025735814,0.008105086162686348,0.004137831,0.0021510758,0.3178807947019873,0.3443708609271527,1508
2023-07-31,0.011990239,0.004276768,0.007713471,0.0058061862,0.0109571265,0.001787791,0.010202448,-0.003831219393759966,0.007142237,0.005234952,0.3443708609271529,0.2913907284768214,1514
2023-08-01,0.0065794704,0.011995841,-0.0054163705,-0.007641536,0.0055463575,-0.00057910243,0.007158573,-0.002021835185587406,-0.007287589,-0.009512754,0.3443708609271522,0.39735099337748314,1512
2023-08-02,-0.010483147,-0.006485854,-0.003997293,-0.006063518,-0.011357319,0.00042274594,-0.010905893,0.007146681658923626,-0.003744613,-0.005810838,0.29139072847682124,0.39735099337748314,1511
2023-08-03,0.006026417,0.0034563178,0.0025700992,0.0003449337,0.005072775,0.0024768645,0.0035495525,0.005778543651103973,0.0051294863,0.0029043208,0.3178807947019867,0.4238410596026486,1519
2023-08-04,0.014573846,0.006411943,0.008161902,0.005623441,0.013343077,0.0061154515,0.008458395,0.001727632712572813,0.004764255,0.0022257937,0.41025641025641,0.43589743589743557,1560
2023-08-07,0.0051057306,0.002324154,0.0027815767,0.0006277305,0.0041057304,0.0001895167,0.004916214,0.005980603396892548,0.005870929,0.0037170828,0.33333333333333315,0.38461538461538425,1561
2023-08-08,0.003120532,-0.0027527947,0.0058733267,0.0032964037,0.0019282243,0.00074854307,0.002371989,2.2877007722854614e-05,0.006366762,0.0037898389,0.397435897435897,0.4615384615384609,1562
2023-08-09,0.010956988,0.007212493,0.0037444946,0.0015137254,0.009918526,0.0037722038,0.007184784,0.004549134522676468,0.00011923909,-0.0021115302,0.3461538461538459,0.397435897435897,1561
2023-08-10,0.0019490833,-0.0040992303,0.0060483133,0.0039329287,0.001141391,0.0037439931,-0.0017949097,0.0016985251568257809,0.0073423805,0.005226996,0.2692307692307693,0.43589743589743535,1562
2023-08-11,-0.002983628,-0.0067780963,0.0037944682,0.0017175451,-0.0038682434,0.0015128225,-0.0044964505,-0.0001773592084646225,0.0004290333,-0.0016478898,0.2948717948717948,0.397435897435897,1564
2023-08-14,-0.0073060766,-0.0058550704,-0.0014510062,-0.0034894678,-0.008229153,-0.0015813909,-0.0057246857,-0.005697115324437618,-0.007398317,-0.009436779,0.3076923076923076,0.3717948717948715,1564
2023-08-16,0.0036340128,0.004190994,-0.0005569812,-0.002403135,0.0029032435,-0.0015804316,0.0052144444,0.00538844196125865,0.0028018835,0.0009557296,0.24358974358974372,0.3717948717948715,1565
2023-08-17,0.0076462366,0.0007576989,0.0068885377,0.005003922,0.006877006,0.004356139,0.0032900977,0.005525961983948946,0.00789622,0.006011605,0.2564102564102565,0.3717948717948715,1565
2023-08-18,0.0015168911,-0.0050259545,0.0065428456,0.004850538,0.0007476603,0.0031052004,-0.0015883092,0.007315898314118385,0.00719524,0.0055029322,0.2564102564102565,0.3076923076923076,1565
2023-08-21,0.010306846,0.003788699,0.0065181474,0.0043258397,0.00938377,0.0031298655,0.007176981,-0.0011186227202415466,0.0035294974,0.0013371897,0.3076923076923076,0.4230769230769226,1567
2023-08-22,0.008385559,0.010435789,-0.0020502303,-0.004165615,0.0074624815,-0.0015191231,0.009904682,-0.0012947754003107548,-0.0011885269,-0.0033039115,0.3076923076923076,0.397435897435897,1569
2023-08-23,0.007504655,0.0058655194,0.0016391356,-0.0008608643,0.006427732,0.0011171415,0.0063875136,-0.0007667627651244402,-0.0013920441,-0.003892044,0.3589743589743587,0.4743589743589737,1567
2023-08-24,-0.0005936283,0.0004151345,-0.0010087629,-0.003316455,-0.00163209,-0.0017743222,0.0011806939,0.00015531363897025585,-0.000603118,-0.0029108103,0.3461538461538459,0.4230769230769226,1568
2023-08-25,-0.0020825127,-0.0011028397,-0.000979673,-0.003325827,-0.0031978972,0.0009225786,-0.0030050913,-0.002618790604174137,0.0015687989,-0.00077735493,0.3717948717948715,0.4102564102564098,1568
2023-08-28,0.0049338522,0.007371942,-0.0024380898,-0.004668859,0.004010775,-0.0010551047,0.005988957,-0.00479536596685648,-0.0042470056,-0.006477775,0.3076923076923076,0.43589743589743535,1565
2023-08-29,0.0068129743,0.009668866,-0.0028558918,-0.005148886,0.005742911,-0.000768268,0.0075812424,-0.009434688836336136,-0.0023226626,-0.004615656,0.35668789808917123,0.40764331210190996,1571
2023-08-30,0.0060225353,0.012620727,-0.0065981913,-0.008814752,0.0050671212,-0.0029703062,0.0089928415,0.006369617767632008,-0.008678937,-0.010895498,0.3184713375796178,0.4203821656050955,1571
2023-08-31,0.0055479435,-0.00035367502,0.0059016184,0.0038761406,0.004821829,0.003295387,0.0022525566,0.004574911668896675,0.0054028383,0.0033773605,0.24203821656050953,0.4331210191082802,1570
2023-09-01,0.010972319,0.005565726,0.005406593,0.0033046822,0.010016905,0.0027296254,0.008242694,0.005216242279857397,0.0072644306,0.00516252,0.3184713375796178,0.38216560509554137,1574
2023-09-04,0.016317619,0.006591835,0.009725784,0.007318141,0.015247555,0.005119074,0.011198545,0.005656178575009108,0.009471469,0.0070638256,0.35668789808917195,0.4458598726114649,1576
2023-09-05,0.0057981345,0.0031581086,0.002640026,0.00046168198,0.0049191536,6.713951e-05,0.005730995,-0.002349254908040166,0.0020853428,-9.3001174e-05,0.2929936305732484,0.4331210191082802,1577
2023-09-06,0.0011205926,0.0022722995,-0.0011517069,-0.0031007514,0.0003562614,-0.002123055,0.0032436475,-0.00030591152608394623,-0.00092057855,-0.0028696232,0.25477707006369427,0.3949044585987261,1578
2023-09-07,0.0117122615,0.008864286,0.0028479751,0.0010900133,0.011024363,0.004331473,0.0073807887,0.009689006954431534,0.00085962843,-0.0008983334,0.22929936305732482,0.35668789808917195,1579
2023-09-08,0.008494287,-0.00255707,0.011051357,0.00891123,0.007691739,0.004767608,0.0037266791,0.004132037982344627,0.013127786,0.010987659,0.267515923566879,0.4458598726114649,1576
2023-09-11,0.012211542,0.003941771,0.00826977,0.006358942,0.011408994,0.0064364276,0.005775114,-0.005373865365982056,0.005743865,0.0038330369,0.267515923566879,0.36942675159235666,1577
2023-09-12,-0.04285049,-0.040716805,-0.002133686,-0.004235597,-0.043844122,-0.0032454506,-0.03960504,0.0018450869247317314,-0.0005463399,-0.0026482507,0.33121019108280253,0.36942675159235666,1578
2023-09-13,0.012574992,0.009323386,0.0032516066,0.001049075,0.011701575,0.001985644,0.010589348,0.0017477469518780708,-0.002269365,-0.004471896,0.29113924050632906,0.4430379746835452,1583
2023-09-14,0.015746007,0.011490746,0.0042552603,0.0019767794,0.014872589,0.0029222742,0.012823733,0.010629815980792046,0.0066016912,0.0043232106,0.29113924050632917,0.4683544303797463,1580
2023-09-15,0.00983457,-0.0015564874,0.011391058,0.009188526,0.008999127,0.0063663153,0.0034682546,-0.0033347411081194878,0.010074946,0.007872415,0.27848101265822794,0.45569620253164506,1584
2023-09-18,-0.002374652,0.00044954437,-0.0028241964,-0.004874829,-0.0032860446,0.0004898575,-0.0028645096,-0.0008341774810105562,-0.0072352863,-0.009285919,0.3037974683544304,0.3797468354430377,1584
2023-09-20,-0.002959215,-0.004460728,0.0015015127,-0.00047317077,-0.0037566833,0.0016189269,-0.004578142,-0.0011995439417660236,0.00085416436,-0.0011205191,0.2658227848101267,0.39240506329113894,1589
2023-09-21,-0.006465456,-0.008502747,0.002037291,0.00021450617,-0.0073388736,0.0015071151,-0.007972571,8.726539090275764e-05,0.0010889238,-0.000733861,0.29113924050632917,0.3164556962025316,1587
2023-09-22,0.0010610315,0.0014288481,-0.00036781665,-0.0022285762,0.00014963909,-0.0006082909,0.0016693224,0.005088291130959988,0.0014556594,-0.00040510006,0.3037974683544304,0.3164556962025316,1588
2023-09-25,0.0031195695,-0.00046106966,0.0035806391,0.001681905,0.0022461517,0.0005647151,0.0025548544,0.0016370632220059633,0.003838299,0.001939565,0.29113924050632917,0.34177215189873406,1586
2023-09-26,0.0019920822,0.0026102213,-0.00061813905,-0.0022130758,0.0011566392,0.00064590655,0.0013461757,0.00033632339909672737,-0.0011949415,-0.0027898783,0.27848101265822794,0.2531645569620255,1589
2023-09-27,0.0048964936,0.00424243,0.00065406365,-0.0011307464,0.0039471267,2.1307264e-05,0.0048751864,0.002768790815025568,0.00069718575,-0.0010876243,0.3164556962025316,0.27848101265822794,1588
2023-09-28,-0.0021356707,-0.005017323,0.0028816522,0.0012107661,-0.0028571896,0.0019685011,-0.004104172,0.0011437088251113892,-0.00038390257,-0.0020547886,0.24050632911392422,0.3164556962025316,1587
2023-09-29,0.009585341,0.01015086,-0.0005655186,-0.0023883034,0.0087498985,0.0007240642,0.008861277,-0.00046032248064875603,0.005252419,0.0034296343,0.27848101265822794,0.32911392405063283,1584
2023-10-03,0.0021268732,0.0022974056,-0.00017053238,-0.0021831905,0.0012534555,-0.00014065858,0.0022675318,0.0020105079747736454,-0.0009569308,-0.002969589,0.29113924050632917,0.3797468354430377,1587
2023-10-04,-0.0048785885,-0.00737155,0.0024929615,0.000632202,-0.00586593,0.0032662652,-0.008144854,0.005220975261181593,0.0045587714,0.002698012,0.32911392405063283,0.29113924050632917,1589
2023-10-05,0.013655919,0.0063464236,0.007309495,0.0057905074,0.013048324,0.00538125,0.008274669,0.009111974388360977,0.009628126,0.008109139,0.2025316455696204,0.3037974683544304,1586
2023-10-06,0.01318216,0.004259051,0.00892311,0.007252224,0.012498616,0.004755483,0.008426677,0.0067360252141952515,0.007869552,0.006198666,0.22784810126582294,0.32911392405063283,1587
2023-10-09,-0.019284025,-0.021510847,0.002226822,0.00017618923,-0.020119468,-0.0004932098,-0.018790815,0.005167651921510696,0.002322582,0.00027194922,0.27848101265822794,0.40506329113924017,1588
2023-10-10,0.015634988,0.016766006,-0.0011310186,-0.0036593205,0.014691591,0.0015247809,0.014110207,0.002855381928384304,-0.0029432457,-0.0054715476,0.3144654088050308,0.5283018867924516,1591
2023-10-11,0.012318374,0.009162968,0.0031554056,0.0010044621,0.011374977,0.0027456908,0.009572683,0.001591961830854416,0.0043051904,0.002154247,0.3144654088050313,0.4025157232704394,1589
2023-10-12,0.009543799,0.0061137294,0.0034300694,0.0013923335,0.008675874,0.0032425825,0.0063012163,-0.0002434283960610628,0.00011795014,-0.0019197857,0.2893081761006287,0.38993710691823813,1592
2023-10-13,0.0021262073,0.0026277169,-0.0005015095,-0.0027279246,0.0011450753,0.0002937907,0.0018324166,0.003795962780714035,0.0004970161,-0.001729399,0.3270440251572327,0.4150943396226415,1593
2023-10-16,0.00878744,0.0039254725,0.0048619676,0.0029374394,0.007957252,0.0032100165,0.0055774236,0.0026141880080103874,0.003124536,0.0012000077,0.27672955974842767,0.36477987421383645,1594
2023-10-17,0.010491396,0.008444138,0.0020472584,8.499436e-05,0.009510264,0.0030558393,0.007435557,0.006302993278950453,0.00025445595,-0.0017078081,0.3270440251572327,0.3270440251572327,1593
2023-10-18,-0.0030814712,-0.007978541,0.0048970697,0.0027838622,-0.004062603,0.0015615681,-0.0046430393,0.006505641154944897,0.004492324,0.0023791164,0.3270440251572327,0.3773584905660377,1593
2023-10-19,0.008180213,0.0023575723,0.005822641,0.0038603768,0.00738776,0.0046098344,0.003570379,0.009976055473089218,0.0092306575,0.0072683934,0.2641509433962264,0.38993710691823896,1594
2023-10-20,-0.004378836,-0.01466405,0.010285214,0.008360686,-0.005133553,0.00334465,-0.007723486,-0.0022262446582317352,0.010570559,0.00864603,0.25157232704402516,0.38993710691823896,1598
2023-10-23,-0.04119841,-0.040710635,-0.0004877746,-0.002374567,-0.04199086,0.00020636246,-0.041404773,0.001974206417798996,-0.0004780069,-0.0023647994,0.2641509433962264,0.36477987421383645,1598
2023-10-25,-0.013220149,-0.017729163,0.004509014,0.001959014,-0.0142326495,-0.0026636953,-0.010556454,0.0031654899939894676,0.0019262228,-0.0006237773,0.33750000000000013,0.5125000000000006,1600
2023-10-26,-0.001341679,-0.0038064404,0.0024647615,2.7261442e-05,-0.002429179,0.0007151234,-0.0020568024,-0.00335509330034256,-0.0022194227,-0.004656923,0.3625000000000004,0.45000000000000073,1591
2023-10-27,0.023001857,0.023702146,-0.0007002894,-0.0025870819,0.02224714,0.0028168503,0.020185007,-0.0008402389939874411,0.0003579855,-0.001528807,0.25157232704402516,0.3773584905660377,1590
2023-10-30,0.0017998735,0.0043876646,-0.002587791,-0.0044368478,0.0008564773,-0.0008358734,0.002635747,0.007653468754142523,-0.0021451353,-0.003994192,0.314465408805031,0.30188679245283007,1589
2023-10-31,0.006593723,-0.0032374465,0.00983117,0.0076047545,0.0056503266,0.004274248,0.0023194747,-0.001624792581424117,0.0062285783,0.004002163,0.3144654088050312,0.4276729559748417,1592
2023-11-01,-0.0041592456,-0.0014334337,-0.002725812,-0.0048390194,-0.0049894345,-0.0016025731,-0.0025566726,0.0006787609308958054,0.0013416352,-0.00077157223,0.27672955974842767,0.42767295597484273,1592
2023-11-02,0.009839314,0.011939051,-0.0020997366,-0.004212944,0.008858182,0.00026058778,0.009578726,0.002812138758599758,-0.0032396363,-0.0053528436,0.3270440251572327,0.3773584905660377,1592
2023-11-03,0.010683856,0.007373635,0.0033102208,0.0010460699,0.00974046,0.0019392548,0.008744601,0.0011368803679943085,0.00083575957,-0.0014283913,0.31446540880503143,0.440251572327044,1594
2023-11-06,0.014569735,0.011861617,0.0027081184,0.00048170332,0.0134376595,0.0033881757,0.011181559,0.0021258925553411245,0.0051913112,0.0029648961,0.3773584905660377,0.36477987421383645,1594
2023-11-07,0.0036238236,0.005371887,-0.0017480631,-0.003785799,0.0027181632,-5.9290556e-05,0.0036831142,-0.00022176094353199005,-0.004746312,-0.006784048,0.3018867924528302,0.3773584905660377,1592
2023-11-08,0.003780824,0.0032105034,0.0005703205,-0.0016183588,0.002988371,-4.5832247e-05,0.0038266561,0.008772484958171844,0.0013806857,-0.0008079936,0.2641509433962264,0.4654088050314465,1594
2023-11-09,0.0018896476,-0.007652906,0.009542554,0.0074293464,0.0011349306,0.005102064,-0.0032124163,0.005425679497420788,0.010253859,0.0081406515,0.25157232704402516,0.45283018867924524,1593
2023-11-10,0.00483822,-0.00012365443,0.0049618743,0.0029241384,0.003970295,0.0030522705,0.0017859492,,0.0032970924,0.0012593565,0.2893081761006289,0.38993710691823896,1598
2023-11-15,0.009653024,0.0018795597,0.0077734645,0.00535837,0.008483213,0.0010722307,0.008580794,-0.0004044084926135838,0.007108869,0.0046937745,0.38993710691823896,0.4150943396226415,1598
2023-11-16,0.00046224555,0.001804302,-0.0013420564,-0.0033420566,-0.00044341484,-0.003560835,0.0040230807,0.003921949304640293,-0.001974733,-0.003974733,0.3018867924528302,0.36477987421383645,1597
2023-11-17,0.0051231934,0.0045379624,0.000585231,-0.001889769,0.0040356936,0.0008267318,0.0042964616,0.002812843769788742,0.002826531,0.00035153097,0.36250000000000054,0.4625000000000008,1602
2023-11-20,0.008069637,-0.00048423783,0.008553875,0.0062288744,0.007019637,0.004534878,0.0035347596,-0.001552856294438243,0.00549441,0.0031694102,0.34999999999999976,0.4249999999999995,1601
2023-11-21,0.0010090811,0.0011959497,-0.0001868686,-0.0021368684,0.00018408115,-0.00401703,0.005026111,0.002784250071272254,-0.0022973123,-0.0042473124,0.275,0.37499999999999967,1601
2023-11-22,-0.00073438784,-0.0037394688,0.0030050809,0.0007925809,-0.0015968878,0.00049529254,-0.0012296804,0.0002680690959095955,0.0061773863,0.003964886,0.2875,0.4499999999999994,1602
2023-11-23,0.0069550187,0.006682069,0.0002729497,-0.0016020503,0.0062050186,0.0018742736,0.005080745,-0.0004786810022778809,-0.00224888,-0.00412388,0.2500000000000001,0.37499999999999967,1600
2023-11-24,0.0016732564,-0.001155744,0.0028290004,0.00084150024,0.0008482564,0.0003958611,0.0012773953,0.0006785313598811626,0.0028034747,0.00081597455,0.275,0.3874999999999996,1604
2023-11-28,0.0058532,0.004761719,0.0010914807,-0.00070851925,0.0051407,0.0028691269,0.002984073,-0.001925368676893413,0.0034700548,0.0016700549,0.23750000000000013,0.3624999999999997,1604
2023-11-29,0.0019200563,-0.0012683064,0.0031883628,0.0012758628,0.0012075563,4.2319414e-05,0.0018777369,0.00205952487885952,-6.60877e-05,-0.0019785878,0.23750000000000013,0.3999999999999996,1604
2023-11-30,0.00038158754,-0.0017918313,0.0021734189,0.00033591886,-0.00033091247,-0.002508549,0.0028901366,0.000788975041359663,0.0013489713,-0.00048852875,0.23750000000000013,0.37499999999999967,1605
2023-12-01,0.0037295998,0.004117881,-0.0003882812,-0.0021882812,0.0029420997,-0.0006329848,0.0043625846,0.01362175028771162,0.0033375062,0.0015375062,0.26250000000000007,0.3374999999999998,1608
2023-12-04,0.01688157,0.0040806,0.01280097,0.01118847,0.01624407,0.0066443114,0.010237259,0.009807917289435863,0.0088011315,0.007188631,0.2125000000000001,0.32499999999999984,1608
2023-12-05,0.010428615,0.0009370619,0.009491553,0.0077027325,0.009683274,0.009238251,0.001190364,0.00212203711271286,0.011886595,0.010097775,0.2484472049689437,0.34782608695652206,1613
2023-12-06,0.004309466,0.005681577,-0.001372111,-0.0033845333,0.003415056,0.0005094975,0.0037999686,0.0011551324278116226,-0.005377368,-0.0073897904,0.2981366459627332,0.3726708074534166,1612
2023-12-07,0.012096529,0.006735447,0.005361082,0.0032741255,0.011351188,0.0053543933,0.0067421356,0.005584149621427059,0.0037445016,0.0016575451,0.2484472049689443,0.44720496894409995,1613
2023-12-08,0.0027438635,-0.0038775469,0.00662141,0.0044971863,0.0018867207,0.005431472,-0.0026876084,0.012517044320702553,0.011850029,0.009725805,0.285714285714286,0.4223602484472055,1613
2023-12-11,0.020545715,0.006363565,0.01418215,0.011983393,0.019502237,0.011615681,0.008930034,0.0034367451444268227,0.013284184,0.011085426,0.3478260869565221,0.3850931677018638,1615
2023-12-12,0.0029436082,-0.0027544159,0.0056980243,0.003797403,0.0020864652,0.004204926,-0.0012613181,0.010468756780028343,0.0033703006,0.0014696795,0.285714285714286,0.3478260869565221,1616
2023-12-13,0.0078097084,-0.0013716271,0.009181336,0.0072434475,0.0070271,0.0015297714,0.006279937,0.002456285757943988,0.009461902,0.007524014,0.2608695652173915,0.3850931677018638,1616
2023-12-14,0.0043070745,0.0014659505,0.0028411238,0.00086596864,0.0034499317,-0.0005409969,0.0048480714,0.006564887706190348,0.004169461,0.0021943056,0.285714285714286,0.3726708074534166,1614
2023-12-15,0.0022070063,-0.0019330438,0.00414005,0.0020903607,0.0012007952,-0.0013969936,0.003604,0.0047625526785850525,5.791057e-05,-0.0019917788,0.3354037267080749,0.3478260869565221,1614
2023-12-18,0.007639161,0.0065657767,0.0010733842,-0.0010508394,0.0065956824,0.0019918517,0.005647309,0.005662391893565655,0.0028529116,0.00072868797,0.3478260869565221,0.36024844720496935,1617
2023-12-19,0.0037915714,-0.0030388199,0.0068303915,0.0045943665,0.002673559,0.0013350663,0.002456505,-0.007937714457511902,0.0043422477,0.0021062228,0.3726708074534166,0.3726708074534166,1614
2023-12-20,-0.04384553,-0.033586927,-0.010258604,-0.012420095,-0.044963542,-0.008685976,-0.035159554,0.005053415894508362,-0.009000711,-0.011162202,0.3726708074534166,0.3478260869565221,1617
2023-12-21,0.020135498,0.018647932,0.0014875662,-0.0012701978,0.018793883,0.002657218,0.01747828,0.0026560863479971886,-0.0019437037,-0.0047014677,0.44720496894409995,0.4720496894409944,1618
2023-12-22,0.014659714,0.010851068,0.0038086455,0.0016098877,0.013616236,0.0042785667,0.010381147,0.005493862554430962,0.006006849,0.0038080912,0.3478260869565221,0.3850931677018638,1618
2023-12-26,0.009215315,0.004940666,0.004274649,0.0022376121,0.008104203,0.0010481533,0.008167162,-0.003219389356672764,0.0054480876,0.0034110507,0.37037037037037057,0.30864197530864235,1620
2023-12-27,0.0018746483,0.0035045,-0.0016298518,-0.0037409628,0.0006894631,-0.0009279486,0.002802597,0.0007531603914685547,-0.0024123013,-0.0045234123,0.3950617283950624,0.30864197530864224,1620
2023-12-28,-0.0020784813,-1.3160623e-05,-0.0020653207,-0.0041393945,-0.003004407,-0.0020907468,1.22656065e-05,0.005967369768768549,-0.0022602726,-0.0043343464,0.30864197530864224,0.38271604938271664,1627
2023-12-29,0.0076061473,0.0027674627,0.0048386846,0.0028016476,0.0067172586,0.0033471123,0.004259035,0.005007908679544926,0.0075026317,0.005465595,0.2962962962962965,0.38271604938271664,1628
2024-01-01,0.015971858,0.011101999,0.0048698587,0.0028698586,0.015082969,0.0047859894,0.011185869,-0.000507500022649765,0.0040685665,0.0020685664,0.2962962962962965,0.3703703703703709,1623
