portfolio,mean_ann_pct,t_mean,sd_ann_pct,sharpe,win_rate_pct,min_pct,max_pct,mdd_pct,total_ret_pct,n_days,start,end,checkpoint,train_end,horizon
Long-short daily (gross),175.2100067138672,21.62,10.62,16.5,89.5,-3.1700000762939453,5.71999979019165,-4.590000152587891,189811.796875,1093,2022-05-04,2026-10-01,stockgpt_train2021.pt,2021-12-31,1
Long-short daily (net 0.30%/trade),-12.699999809265137,-1.5,10.83,-1.17,46.0,-3.890000104904175,4.809999942779541,-62.08000183105469,-43.810001373291016,1093,2022-05-04,2026-10-01,stockgpt_train2021.pt,2021-12-31,1
"Long-short daily, skip 1 day (gross)",35.85,6.54,9.22,3.89,62.4,-5.57,3.04,-8.63,361.77,1089,2022-05-04,2026-09-30,stockgpt_train2021.pt,2021-12-31,1
"Long-short daily, trade at next open (gross)",68.30999755859375,11.52,11.0,6.21,69.8,-4.809999942779541,5.429999828338623,-6.900000095367432,1777.81005859375,1093,2022-05-04,2026-10-01,stockgpt_train2021.pt,2021-12-31,1
"Long-short daily, trade at next open (net 0.30%/trade)",-119.5999984741211,-19.03,11.16,-10.71,20.5,-5.989999771118164,4.519999980926514,-99.45999908447266,-99.45999908447266,1093,2022-05-04,2026-10-01,stockgpt_train2021.pt,2021-12-31,1
Long only daily (gross),107.55999755859375,8.25,21.9,4.91,70.4,-8.5,6.920000076293945,-16.25,9378.9404296875,1093,2022-05-04,2026-10-01,stockgpt_train2021.pt,2021-12-31,1
Long only daily (net 0.30%/trade),1.8300000429153442,0.14,21.96,0.08,54.3,-8.899999618530273,6.619999885559082,-57.900001525878906,-2.5299999713897705,1093,2022-05-04,2026-10-01,stockgpt_train2021.pt,2021-12-31,1
Long minus universe (gross),92.31999969482422,16.87,7.9,11.69,83.5,-2.819999933242798,4.139999866485596,-4.989999771118164,5269.47998046875,1093,2022-05-04,2026-10-01,stockgpt_train2021.pt,2021-12-31,1
"Short leg (stocks shorted, raw return)",-67.6500015258789,-6.42,21.22,-3.19,42.9,-5.570000171661377,7.96999979019165,-95.08999633789062,-95.19999694824219,1093,2022-05-04,2026-10-01,stockgpt_train2021.pt,2021-12-31,1
Universe equal-weight (benchmark),15.239999771118164,1.6,18.13,0.84,59.1,-6.0,5.369999885559082,-29.440000534057617,80.30000305175781,1093,2022-05-04,2026-10-01,stockgpt_train2021.pt,2021-12-31,1
"Long-short, 20-day hold (gross)",19.399999618530273,5.48,7.54,2.57,56.6,-2.109999895095825,2.809999942779541,-4.559999942779541,129.72999572753906,1097,2022-05-04,2026-10-01,stockgpt_train2021.pt,2021-12-31,1
"Long-short, 20-day hold (net)",7.079999923706055,1.99,7.11,1.0,53.7,-2.109999895095825,1.909999966621399,-9.359999656677246,34.599998474121094,1097,2022-05-04,2026-10-01,stockgpt_train2021.pt,2021-12-31,1
