test,sharpe,mean_ann_pct,start,end,checkpoint,rank_corr_with_todays_return
BASELINE (close t -> close t+1),19.87,221.59,2022-01-03,2026-10-05,stockgpt_train2021.pt,0.536
no-trade days = 0%,19.87,221.61,2022-01-03,2026-10-05,stockgpt_train2021.pt,0.536
realised returns winsorised at +/-5%,21.98,195.78,2022-01-03,2026-10-05,stockgpt_train2021.pt,0.536
median instead of mean within each leg,12.38,160.89,2022-01-03,2026-10-05,stockgpt_train2021.pt,0.536
drop the best 10% of days,22.09,184.41,2022-01-03,2026-10-05,stockgpt_train2021.pt,0.536
pure 1-day reversal: buy today's losers,-6.07,-89.29,2022-01-03,2026-10-05,stockgpt_train2021.pt,0.536
StockGPT with 1-day reversal removed,13.22,125.43,2022-01-03,2026-10-05,stockgpt_train2021.pt,0.536
exclude stocks locked on t or t+1,15.4,159.13,2022-01-03,2026-10-05,stockgpt_train2021.pt,0.536
trade at next OPEN (open t+1 -> close t+1),1.18,10.53,2022-01-03,2026-10-05,stockgpt_train2021.pt,0.536
overnight gap only (close t -> open t+1),25.45,210.13,2022-01-03,2026-10-05,stockgpt_train2021.pt,0.536
